,WTI,Brent,Gold,NaturalGas,USD_Index,SP500,Gasoline_ETF,CPI,FedFundsRate,GeopoliticalRiskIndex,OPEC_Production_Mbpd,US_Crude_Inventory_Mbbl,NewsSentiment,WTI_Brent_Spread,WTI_MoM_Change,WTI_3M_Avg,WTI_6M_Avg,WTI_12M_Avg,WTI_Real,Inventory_Change,Year,Month,Quarter
2015-01-01,47.325500106811525,49.679999923706056,1252.9249938964845,2.929350030422211,92.9770004272461,2028.1785095214843,30.93350009918213,238.21462625689628,0.1,37.26622494784269,32.03305329204589,363.976,0.0,2.3544998168945312,7.182673928785888,48.634775725125884,53.28884319315705,48.79643028686899,47.325500106811525,32.40025000000003,2015,1,1
2015-02-01,50.72473646465101,58.44052625957288,1224.9105224609375,2.754947361193205,94.45789337158205,2082.1957943564967,35.919999975907174,237.59520217195816,0.12,37.2384990345348,31.91192317688506,396.37625,0.0,7.715789794921868,7.182673928785888,48.634775725125884,53.28884319315705,48.79643028686899,50.856978711889674,32.40025000000003,2015,2,1
2015-03-01,47.854090603915125,56.93499981273305,1177.768182927912,2.746909098191695,97.87818249789152,2079.9904396750712,35.86863621798429,238.1570768071609,0.14,33.743303472345524,31.90660363383574,427.918,0.0,9.080909208817921,-5.659262247200392,48.634775725125884,53.28884319315705,48.79643028686899,47.865654302205186,31.54174999999998,2015,3,1
2015-04-01,54.62809553600493,60.96523775373186,1199.828578404018,2.5913333211626326,97.59190477643696,2094.862839471726,37.36380985804966,238.31109731146108,0.16,32.8138594193892,32.010957174896696,453.7675,-0.066899515992523,6.337142217726935,14.15553998958574,51.068974201523694,53.28884319315705,48.79643028686899,54.60598145888187,25.849499999999978,2015,4,2
2015-05-01,59.37199993133545,65.60099925994874,1198.2150085449218,2.8559500098228456,95.1920009613037,2111.9435180664063,39.79100017547607,239.6949541593028,0.18,21.028331409801137,31.807630542666537,449.2114,-0.2450415001513717,6.228999328613284,8.68400105986462,53.95139535708517,53.28884319315705,48.79643028686899,59.00532542861888,-4.556099999999958,2015,5,2
2015-06-01,59.82863651622426,63.70409029180353,1180.7818215110085,2.769227266311645,95.17000024968928,2099.2836581143465,40.86999979886141,239.40837920464756,0.2,25.41180350563743,31.64428242905404,434.5695,-0.1113516475043688,3.875453775579274,0.769111004205536,57.942910661188215,53.28884319315705,48.79643028686899,59.530315248445525,-14.641900000000021,2015,6,2
2015-07-01,50.93000013178045,56.62181802229448,1128.113641912287,2.808090914379467,96.96227299083364,2094.1436268199573,38.44181754372337,239.83577670241377,0.22,34.91302837025035,32.20945722138249,429.1554,0.0335742754113789,5.691817890514024,-14.873540335539293,56.710212193113385,53.88959319731853,48.79643028686899,50.58574293404682,-5.414100000000019,2015,7,3
2015-08-01,42.88904771350679,48.21952383858817,1118.7333112444196,2.7534762110028947,96.37809499104816,2039.866205124628,33.17809531802223,241.11931425860325,0.24,23.85387767444957,32.03337412910298,422.22775,0.0414035566933478,5.3304761250813755,-15.788243466459539,51.2158947871705,52.58364507212783,48.79643028686899,42.372376941274716,-6.927649999999971,2015,8,3
2015-09-01,45.46523829868862,48.43333344232468,1123.8238002232142,2.6389047418321883,95.75809515090216,1944.402384440104,31.654285612560454,240.6741870384544,0.26,31.2579345703125,32.13311246668461,424.51025,0.094496033274883,2.968095143636063,6.006639742599185,46.428095381325285,52.18550302125675,48.79643028686899,45.0006080098335,2.2824999999999704,2015,9,3
2015-10-01,46.289545405994765,49.21409121426669,1159.859092018821,2.385045463388616,95.71409086747605,2024.812716397372,30.91227254000577,241.72462519468243,0.28,28.150856711647727,31.96069624636562,441.8142,-0.1067218615723714,2.9245458082719225,1.813049129734634,44.88127713939673,50.795744666255054,48.79643028686899,45.617391068906485,17.303950000000043,2015,10,4
2015-11-01,42.92300014495849,45.90700016021729,1084.0050048828125,2.279850006103516,99.0330005645752,2080.61650390625,30.486499977111816,242.2547161120286,0.3,54.87085515802556,32.30873582216017,455.78575,0.4154453251500725,2.9840000152587933,-7.272798277686876,44.89259461654729,48.0542447018589,48.79643028686899,42.20717186214687,13.97154999999998,2015,11,4
2015-12-01,37.32727258855646,38.90954520485618,1069.9454567649148,2.043499995361675,98.33409049294212,2054.079562100497,29.01727286252109,243.11349692656836,0.32,53.7440352006392,31.734919884102204,454.8725,0.3090324380849151,1.5822726162997185,-13.036664579605993,42.179939379836576,44.30401738058092,48.79643028686899,36.575107516790965,-0.913250000000005,2015,12,4
2016-01-01,31.7757894616378,32.212105098523594,1097.642096268503,2.23336840930738,99.02300033569335,1918.5978875411183,25.26052625555741,242.80045607748627,0.4,40.09597431529652,32.84004091389717,458.44220000000007,0.1431348544304219,0.43631563688579433,-14.872458505367991,37.34202073171758,41.111648935557156,47.500621066437844,31.175632586975816,3.5697000000000685,2016,1,1
2016-02-01,30.616499996185304,33.55649995803833,1201.4050048828126,1.9294500052928925,97.09550018310549,1904.418493652344,22.616499996185304,244.17613962443025,0.42,33.52256774902344,32.452954801464095,476.63075,-0.2777484785686323,2.939999961853026,-3.6483419770013237,33.239854015459855,39.06622431600358,45.82493469406571,29.869004052170876,18.188549999999907,2016,2,1
2016-03-01,37.96090906316584,39.75136375427246,1244.8818192915485,1.8121363683180376,96.25954506613992,2021.9540904651988,25.67590921575373,245.79176451696148,0.44,36.23649597167969,32.38650949748274,497.084,-0.3501484821581417,1.7904546911066177,23.98840190059486,33.45106617366298,37.815502776749774,45.000502899003266,36.790670275814115,20.453250000000025,2016,3,1
2016-04-01,41.12476185389927,43.386666434151785,1242.538080124628,2.0143809602374123,94.403809320359,2075.5352318173364,26.378095263526557,244.93919668972143,0.46,25.100659457120027,32.36162539653101,506.5096,-0.2538627977362645,2.261904580252512,8.334502172929703,36.56739030441681,36.95470551806719,43.87522509216112,39.9957210088359,9.425599999999974,2016,4,2
2016-05-01,46.7966666448684,47.73904764084589,1259.5904773530506,2.08342859290895,94.52190471830822,2065.5504789806546,27.67571458362398,245.64788381631573,0.48,26.51473652232777,32.766380265690046,507.015,-0.0979190473232318,0.9423809959774871,13.791945619330903,41.960779187311175,37.600316601385515,42.8272806516222,45.38060854296467,0.5054000000000087,2016,5,2
2016-06-01,48.85318166559393,49.92681815407493,1276.7454612038352,2.62381818077781,94.67227207530628,2083.891368519176,27.13999990983443,245.8605613814854,0.5,27.34914953058416,32.92640349292801,499.6725,-0.1098434330199928,1.0736364884810001,4.394575870824413,45.59153672145387,39.52130144755842,41.91265941406968,47.33391295675323,-7.342499999999973,2016,6,2
2016-07-01,44.799499702453616,46.330999755859374,1337.210003662109,2.7613999605178834,96.57250061035155,2148.9019775390625,23.791499900817872,247.0608259862769,0.52,38.45929579301314,32.58111197389082,491.227,0.2076312402251106,1.5315000534057575,-8.297682617456259,46.81644933763865,41.69191982102773,41.40178437829244,43.19541973323079,-8.445500000000038,2016,7,3
2016-08-01,44.79913081293521,47.172608251157016,1337.9565270465353,2.722347829652869,95.38000023883322,2177.482167119565,24.18304352138353,247.30809578925587,0.54,31.244766928932883,32.69745252037138,492.9075,0.0625435206686368,2.373477438221805,-0.0008234232990456114,46.15060406032759,44.05569162381938,41.56095796991148,43.151875676286686,1.6805000000000518,2016,8,3
2016-09-01,45.22571436564128,47.2980953398205,1325.1142868768602,2.902904748916626,95.46523757207962,2157.690964471726,25.31476175217401,249.07305684739524,0.56,33.88419411399148,32.606999390509614,475.2098,0.0819745435643955,2.072380974179218,0.9522139045226696,44.94144829367671,45.26649250756529,41.54099764215753,43.25408288305211,-17.697700000000054,2016,9,3
2016-10-01,49.86949996948242,51.21049976348877,1263.980010986328,3.0642500162124637,97.7389991760254,2143.0209379650296,28.16619046529134,248.95309327313788,0.5800000000000001,25.33990339799361,32.39228915199506,473.35125,-0.1684113308558479,1.3409997940063505,10.268020459106552,46.6314483826863,46.72394886016247,41.83932718911483,47.71840406021729,-1.8585499999999797,2016,10,4
2016-11-01,45.88199977874756,47.10850086212158,1235.960003662109,2.885550022125244,99.7055004119873,2164.9856887090773,26.28714252653576,248.8366328282368,0.6000000000000001,24.053979353471235,32.94959879926732,488.117,-0.1047430323856857,1.2265010833740178,-7.995869606021722,46.99240470462376,46.571504382475666,42.08591049193059,43.92345011659831,14.765750000000025,2016,11,4
2016-12-01,52.16571499052502,54.717618851434615,1151.395252046131,3.583714292162941,102.0133325485956,2246.6290457589284,29.83380953470866,249.95207401164603,0.62,32.809302590110086,32.08428926617217,483.8946,-0.0170158911547367,2.551903860909597,13.695382158752501,49.30573824625167,47.12359326996418,43.3224473587613,49.716075967878126,-4.222399999999993,2016,12,4
2017-01-01,52.608499717712405,55.4269998550415,1193.190008544922,3.291200006008148,101.1219997406006,2275.1159790039064,29.557999992370604,250.0925510966522,0.9,34.18237859552557,31.77850139675469,487.90575,0.1366471002700023,2.818500137329096,0.8488040991440737,50.21873816232833,48.42509327250732,45.05850654676752,50.10990548594013,4.0111499999999864,2017,1,1
2017-02-01,53.46210560045744,55.926842739707546,1234.5420949835527,2.9067368507385254,100.69105329011616,2329.910541735197,28.362631446436836,250.48097203624664,1.0,38.2756181196733,31.75257577206198,516.3945,0.1934427752742292,2.4647371392501043,1.62256267965315,52.74544010289829,49.86892240376102,46.962307013790195,50.84400384184379,28.488749999999982,2017,2,1
2017-03-01,49.67391320933466,52.50565188864003,1230.378269361413,2.9924347504325537,100.75912973155144,2366.822170091712,26.28608687027641,251.89695401549136,1.1,30.289036143909804,31.392649205585936,531.8358000000001,-0.0312764246411395,2.8317386793053743,-7.085752326018325,51.91483950916817,50.61028887770991,47.938390692637604,46.97576719864362,15.44130000000007,2017,3,1
2017-04-01,51.11736899928043,53.81894703915245,1268.6526392886512,3.189473691739534,100.04526278847142,2359.309454666941,26.863157673885947,252.1008983926978,1.2000000000000002,40.66360126842152,31.603320909738034,530.5485,0.0824288559966309,2.701578039872018,2.9058628497070416,51.417795936357514,50.81826704934292,48.7711079547527,48.30171185043327,-1.287300000000073,2017,4,2
2017-05-01,48.53954575278542,51.34954556551847,1243.7636385830965,3.235636364329945,98.26863653009588,2395.345880681818,25.17272732474587,252.5611764262778,1.3,32.990892583673656,31.937582639082137,517.38725,-0.0667955372557931,2.8099998127330466,-5.042949778051553,49.77694265380017,51.261191378349224,48.91634788041245,45.782292883619306,-13.161249999999995,2017,5,2
2017-06-01,45.19590950012207,47.54000039534135,1260.0590931285512,2.993590918454257,96.94863683527166,2433.98545143821,23.650909077037465,252.33877727411863,1.4,43.99500760165128,31.568243672266625,509.195,0.1727258377554189,2.3440908952192814,-6.888478663753206,48.28427475072931,50.09955712994874,48.61157519995646,42.666160176469816,-8.192250000000001,2017,6,2
2017-07-01,46.67500038146973,49.12550029754639,1235.9599975585938,2.9551499843597413,94.8610008239746,2454.102502441406,25.147500228881835,253.5752490207089,1.5,33.09702786532316,31.802023851038808,487.819,-0.0961446201674202,2.4504999160766587,3.2726211236963065,46.803485211459076,49.11064057390829,48.767866923207805,43.84760663492148,-21.375999999999976,2017,7,3
2017-08-01,48.05782566899838,51.90695638241975,1283.7956436820652,2.9051738821941875,93.17608642578124,2456.223070227581,26.791304380997367,254.79449412976396,1.6,49.33255282315341,32.06395707444595,465.7167500000001,0.2106367797646001,3.849130713421367,2.9626679726341143,46.64291185019673,48.209927251998444,49.039424827879735,44.93062936685417,-22.102249999999913,2017,8,3
2017-09-01,49.876999855041504,55.65200023651123,1313.9400024414062,3.00589998960495,92.3240005493164,2492.8410400390626,28.86599969863892,254.20770517170035,1.7000000000000002,38.87929396195845,31.92123865967243,467.875,-0.0522199372546051,5.775000381469724,3.7853859610145646,48.20327530183655,48.243775026282925,49.42703195199641,46.73906666699527,2.158249999999896,2017,9,3
2017-10-01,51.59454588456588,57.64909068020907,1279.2500055486505,2.912590904669328,93.71954484419388,2556.9972700639205,29.13318174535578,256.1329538254907,1.8,27.937077608975496,31.75955980062956,457.737,-0.0526658409169783,6.054544795643189,3.4435632345893197,49.84312380286858,48.32330450716383,49.570785778253374,47.98513928496683,-10.137999999999977,2017,10,4
2017-11-01,56.66285741896856,62.87142853509812,1280.6904703776042,3.058857111703782,93.9971440633138,2593.605736142113,31.92428552536737,255.1733321512752,1.9,28.452734513716265,31.81508375079438,456.74875,-0.2462645792592107,6.208571116129562,9.82334750216074,52.71146771952531,49.67718978486102,50.469190581605126,52.89706917612137,-0.9882500000000505,2017,11,4
2017-12-01,57.94699993133545,64.06650028228759,1265.5700073242188,2.776049995422363,93.38800010681152,2664.34052734375,30.893500137329102,256.85195904906635,2.0,23.96284276788885,31.890712761531912,436.785,-0.1794900650733348,6.119500350952144,2.2662861896848296,55.401467744956626,51.80237152339658,50.950964326672654,53.74233072800713,-19.963749999999948,2017,12,4
2018-01-01,63.65904780796596,69.02238028390067,1330.675,3.160571438925607,90.74476187569756,2789.803815569197,33.00190453302292,256.8211434756623,1.5,28.37581287730824,32.28929619271381,415.52775,0.0053466308426496,5.363332475934712,9.857366012734104,59.422968386089984,54.63304609447929,51.87184333419379,59.046993079374595,-21.25725,2018,1,1
2018-02-01,62.18368429886667,65.70368415430973,1330.0578806023848,2.662368423060367,89.73052617123253,2705.1552477384867,31.378421181126644,257.2046190594954,1.65,15.677895979447795,32.446396777696464,421.5815,-0.1670250740822772,3.5199998554430536,-2.3176022260808504,61.2632440127227,56.987355866124005,52.59864155906123,57.5925236828848,6.0537499999999795,2018,2,1
2018-03-01,62.77190489996048,66.80904751732236,1324.2381068638392,2.6993809654599143,89.87619127546039,2702.773821149553,31.25,258.6216183749013,1.8,37.2555888782848,32.71616981935512,428.0842,0.1748131540808465,4.037142617361873,0.9459404146378692,62.87154566893104,59.13650670694384,53.690140866613376,57.81877771525345,6.502700000000004,2018,3,1
2018-04-01,66.32523781912667,71.7623806908017,1335.3428664434523,2.7242381005060103,90.2933327811105,2653.6252092633927,32.723809650966096,258.7079845611445,1.95,42.392487959428266,32.76143600245152,430.47425,0.1682778331418283,5.437142871675036,5.6607058919577735,63.76027567265127,61.59162202937063,54.957463268267226,61.071334018872726,2.390049999999974,2018,4,2
2018-05-01,69.98318099975586,77.17681884765625,1302.6181696111505,2.8293181657791138,93.29954598166726,2701.4936190518465,34.764090451327235,260.338786222927,2.1,43.48482652143999,32.62527768837484,434.689,0.3153451014045625,7.193637847900391,5.515160293287824,66.36010790628102,63.81167595950185,56.74443287218143,64.03585707682545,4.214750000000038,2018,5,2
2018-06-01,67.32285672142392,75.97952379499164,1280.0238037109375,2.9425238087063743,94.37714276994976,2754.3528878348216,33.33523813883463,259.9146185961825,2.25,33.62208626487038,32.823870997519606,426.0138,-0.0461843778977606,8.656667073567718,-3.80137661696347,67.87709184676882,65.37431875784993,58.588345140623254,61.702143723423966,-8.675200000000018,2018,6,2
2018-07-01,70.58190518333798,74.7952386765253,1236.0238211495537,2.78933334350586,94.59761919294084,2793.643357049851,33.728095463344026,261.22747804126817,2.4,36.376557783647016,32.976116181009345,407.50225,-0.0757863398547532,4.213333493187321,4.840924198151186,69.2959809681726,66.52812832041194,60.58058720744561,64.36398762419765,-18.51155,2018,7,3
2018-08-01,67.84521782916525,73.92260808530061,1199.9521749745245,2.908086952955826,95.48173954175866,2857.8204292629075,33.47521723871646,260.20441727333014,2.55,37.60985634543679,32.61985289297023,407.4446,-0.0734715014880811,6.077390256135359,-3.877321456631311,68.58332657797571,67.47171724212836,62.229536554126184,62.11164044734618,-0.05765000000002374,2018,8,3
2018-09-01,70.0847372757761,79.15999964663857,1196.705258018092,2.8959999962856897,94.73947464792352,2901.500513980264,34.5942103737279,261.84064888946745,2.7,20.479049682617188,32.57902871737979,397.571,-0.162008130956851,9.075262370862461,3.300924543053241,69.50395342942645,68.69052263809762,63.91351467252073,63.760953722313126,-9.873599999999954,2018,9,3
2018-10-01,70.75782610022503,80.62956635848336,1213.9695673403533,3.2079564903093423,95.8526093856148,2785.464780061141,33.73652167942213,262.60896366706515,2.85,28.189308860085227,32.862234475339896,418.79575,-0.0968584337882361,9.871740258258328,0.960392876697802,69.56259373505547,69.42928735161402,65.51045469049232,64.18497245427228,21.224749999999972,2018,10,4
2018-11-01,56.6933328537714,66.23285729544503,1219.238101050967,4.0933809507460825,96.7614288330078,2723.231422061012,26.937142780848912,262.86783135144645,3.0,22.91253870183771,32.725654547666004,442.8798,-0.240741134770404,9.539524441673628,-19.87694368469144,65.84529874325752,67.21431266061661,65.51299431005923,51.376317245007236,24.08404999999999,2018,11,4
2018-12-01,48.777369248239616,57.47000021683542,1253.047369706003,3.896631604746768,96.87578984310753,2567.3073858963817,24.11947370830335,263.2036166718297,3.15,27.548939098011367,32.89223197200505,441.56,0.1086583675537272,8.692630968595807,-13.962776938779308,58.742842734078685,64.12339808175257,64.74885841980125,44.14636444662366,-1.3197999999999865,2018,12,4
2019-01-01,51.55047625587101,60.12190500895182,1290.8618977864585,3.100333338692075,95.93761880057198,2607.3899972098216,24.245714096795943,262.0413174446978,2.4,26.10186490145597,32.608500734818094,441.9405,-0.0348413904917287,8.57142875308081,5.685232824915998,52.34039278596068,60.95149326050807,63.739810790460005,46.86313423549686,0.38049999999998363,2019,1,1
2019-02-01,54.98052597045898,64.2763153879266,1318.4473684210527,2.6825789401405737,96.45842100444592,2754.8642064144738,26.01894730015805,264.176987108278,2.32,30.363710576837715,31.98693912730648,449.606,0.1178531730873045,9.295789417467624,6.653769205861271,51.76945715818986,58.80737795072369,63.139547596426034,49.577238308393376,7.665500000000009,2019,2,1
2019-03-01,58.16809517996652,67.02761949811664,1298.5285935174852,2.8046666781107583,96.78285689581008,2803.9837937127977,28.70476186843145,265.50244477371194,2.24,23.78558765758168,31.997435967379964,446.6586,-0.0386302892253558,8.859524318150115,5.797633167824223,54.89969913543217,56.82127093475543,62.755896786426526,52.18969288656155,-2.947400000000016,2019,3,1
2019-04-01,63.87095260620117,71.62857237316314,1284.7857200985864,2.603095213572184,97.3585717337472,2903.799979073661,31.7266666775658,265.198185275538,2.16,22.38793113014915,32.120182863869424,460.726,-0.0410572965448699,7.757619766961966,9.804098636186298,59.00652458554222,55.673458685751456,62.55137301868274,57.372168998629974,14.06740000000002,2019,4,2
2019-05-01,60.865454413674094,70.31181820956144,1283.3727195046165,2.592409068887884,97.74181782115588,2854.705910422585,31.37090908397328,266.3725365712596,2.08,34.75995497270064,32.06776798774209,475.0342,0.0604336993159464,9.446363795887343,-4.705579093297063,60.968167399947255,56.36881227906856,61.791562469842596,54.43144275209757,14.3082,2019,5,2
2019-06-01,54.70650024414063,63.03800010681152,1359.669989013672,2.3303499937057497,96.80450057983398,2890.165979003906,28.657000160217287,266.1139900769219,2.0,34.81293418190696,32.24717697479153,476.47525,0.1670742900941778,8.331499862670896,-10.118965230545928,59.81430242133863,57.357000778385405,60.74019943006899,48.971076288449986,1.4410500000000184,2019,6,2
2019-07-01,57.546363830566406,64.25636395541105,1413.295448996804,2.303090897473422,97.36590922962536,2996.1136363636365,31.118636564774945,267.2912880658964,1.92,28.87329795143821,31.94692938961837,449.1135,0.0900287629411356,6.71000012484464,5.191089859070153,57.70610616279371,58.35631537416797,59.653904317338025,51.286316331275884,-27.36175000000003,2019,7,3
2019-08-01,54.84409054842863,59.50181805003773,1502.0363658558238,2.174272721463984,98.00454503839666,2897.450450550426,28.327727144414727,267.7226354100942,1.84,33.36564497514205,32.33782709843471,433.5898,-0.0193549215791283,4.657727501609095,-4.695819339852769,55.69898487437856,58.33357613716291,58.5704770439433,48.799252675744114,-15.523699999999963,2019,8,3
2019-09-01,56.9670000076294,62.46849994659424,1507.4199951171877,2.5195500016212464,98.59999961853028,2982.156005859375,29.4770001411438,268.81167411956807,1.7599999999999998,27.43999481201172,32.02549990620449,418.8435,-0.0935177150129485,5.501499938964841,3.8708080268487377,56.45248479554149,58.13339360844005,57.47733227159774,50.48282467731632,-14.74630000000002,2019,9,3
2019-10-01,54.00565255206564,59.632173289423406,1493.330423106318,2.3392608580381973,98.1730436242145,2977.675197435462,30.041739007701043,268.74984308351816,1.68,30.83487770774148,32.17745797928054,433.10575,0.0246150908964527,5.626520737357765,-5.198355987092807,55.27224770270789,56.4891769327508,56.081317809251125,47.86955851152678,14.262249999999995,2019,10,4
2019-11-01,57.07000007629394,62.65149974822998,1470.0000061035155,2.63144999742508,98.06499977111817,3104.9044921875,31.394500160217284,269.3954318948618,1.6,19.58108381791548,32.20240196179547,449.0422,-0.1780058387052694,5.581499671936044,5.674123687838106,56.014217545329664,55.85660120985411,56.11270674446134,50.464511009084774,15.93644999999998,2019,11,4
2019-12-01,59.80476197742281,65.17380886986142,1480.8523763020833,2.2882381053197958,97.37666684105282,3176.74951171875,31.90523819696336,268.9235709184292,1.52,20.1272236217152,31.69048099064242,441.5015,-0.0952075147616146,5.369046892438611,4.791943047963754,56.960138201927464,56.706311498734465,57.03165613855993,52.97553120457288,-7.540699999999958,2019,12,4
2020-01-01,57.52857190086728,63.5999999273391,1559.933337983631,2.029952355793544,97.43619028727214,3278.202857607887,30.91857129051572,270.695985872097,1.4500000000000002,49.28224736993963,31.926033874207757,430.86800000000005,0.2327810485960087,6.071428026471821,-3.806034839524697,58.13444465152801,56.70334617711794,57.52983077564296,50.62560203952654,-10.63349999999997,2020,1,1
2020-02-01,50.54210502222965,55.362105319374486,1595.6157804790296,1.8434210451025712,98.84315852115029,3277.3141832853617,28.895263069554375,270.78676987157075,1.3,20.88889035311612,32.07225028002702,443.20125,0.0186156285680514,4.820000297144837,-12.144342624525162,55.95847963350658,55.98634858941812,57.15996236329051,44.462543955960356,12.333249999999964,2020,2,1
2020-03-01,30.445454597473145,33.72909112410112,1594.6500077681108,1.7311818112026562,98.8350004716353,2652.393632368608,16.07499998266047,271.0361233058873,1.15,23.42728701504794,31.828260636248256,457.51825,0.0640539690281717,3.283636526627973,-39.762195135951515,46.17204384019002,51.566091021058746,54.8497423147494,26.758619846304573,14.317000000000007,2020,3,1
2020-04-01,16.699047678992862,26.63142867315383,1694.9809395926338,1.7593333437329246,99.91285705566406,2761.975225539434,11.67333344050816,271.7109411990361,1.0,17.881546020507812,23.46754210547911,508.56475,-0.5920125476961374,9.932380994160969,-45.15093336665495,32.56220243289855,45.34832354221328,50.918750237482044,14.640401980660055,51.04649999999998,2020,4,2
2020-05-01,28.527499961853028,32.256000232696536,1718.6900146484377,1.8091500103473663,99.5530002593994,2919.6084838867187,15.404499959945678,273.1277662148621,0.8500000000000001,17.503280639648438,24.656507932039823,531.3916,-0.144672666881008,3.728500270843508,70.83309485809883,25.224000746106345,40.59124018980646,48.22392069983028,24.880911361133737,22.826850000000036,2020,5,2
2020-06-01,38.31363608620384,40.77272727272727,1735.922735040838,1.7008636322888462,97.08772798018022,3104.6609330610795,18.7490910616788,273.4326678643432,0.7000000000000002,18.73993613503196,24.957973377208784,537.8985,-0.1858562119058747,2.4590911865234304,34.30421921807672,27.84672790901658,37.0093858746033,46.85784868666889,33.37885181058852,6.506899999999973,2020,6,2
2020-07-01,40.76590919494629,43.24136369878595,1847.5409046519887,1.76495454528115,95.51409114490856,3207.6190962357955,19.629090916026723,273.9880323215812,0.55,16.578764481977984,26.205646055445683,530.4028000000001,-0.0340757878725749,2.4754545038396643,6.400523049352325,35.86901508100106,34.2156087569498,45.45947746703388,35.443284659597126,-7.4956999999999425,2020,7,3
2020-08-01,42.38809512910389,45.01999991280692,1966.2380836123511,2.343476204645066,93.0442857288179,3391.7100190662204,20.083809625534784,274.55869294138125,0.4000000000000001,16.12093145197088,26.75258229094237,508.175,-0.0254716507507894,2.6319047837030283,3.9792708324010606,40.48921347008467,32.85660710809551,44.42147784875681,36.7770698889402,-22.22780000000006,2020,8,3
2020-09-01,39.62571407499768,41.86714299519857,1920.2761869884675,2.2802381004605974,93.43714287167504,3365.516671316964,19.562380836123516,274.7331615682496,0.2500000000000002,22.898809259588067,27.679545943179985,495.82775,0.0558671315778165,2.241428920200889,-6.5168794344087955,40.92657279968262,34.3866503543496,42.97637068770417,34.35851942537796,-12.347250000000031,2020,9,3
2020-10-01,39.55454531582919,41.52409102699973,1900.245450106534,2.83622728694569,93.40636340054598,3418.6999955610795,19.582727258855645,274.83613983729686,0.1,20.94689455899325,28.33754011886307,489.3998,0.0552254318770996,1.9695457111705394,-0.17960246478787578,40.522784839976914,38.19589996048898,41.77211175135113,34.28396001613844,-6.427949999999953,2020,10,4
2020-11-01,41.34650039672852,43.78900012969971,1866.0799987792968,2.8719499707221985,92.6195011138916,3548.99248046875,19.95749988555908,276.26793461230585,0.1,18.212484879927203,29.05108545526023,488.736,0.0267128496336169,2.4424997329711857,4.530339222941904,40.1755865958518,40.33240003296823,40.46182011138735,35.65140903108839,-0.6638000000000375,2020,11,4
2020-12-01,47.06818147139116,50.218181956898086,1859.2954434481533,2.584272709759799,90.51272721724077,3695.3100142045455,22.767272515730426,276.5809348426852,0.1,15.485132390802557,29.639244057908563,499.0825,-0.1005797403342169,3.150000485506922,13.838368470757834,42.65640906131629,41.79149093049946,39.40043840255138,40.5390532943878,10.346499999999992,2020,12,4
2021-01-01,52.1021055924265,55.35157916420385,1865.1842169510687,2.648736840800235,90.22631554854544,3793.7484323601975,26.28368417840255,278.6322677248413,0.1,21.553955078125,30.42657308086134,481.309,0.0075078297134372,3.249473571777351,10.69496199698099,46.83892915351539,43.68085699674615,38.94823287684798,44.54431538831669,-17.773499999999956,2021,1,1
2021-02-01,59.06105262354801,62.22789423089279,1805.531584087171,2.916999992571379,90.65157880281149,3883.4321160567433,29.55368413423237,281.1588146225463,0.1,19.980364712801844,30.357646878987765,469.6045,0.0191752607677836,3.1668416073447787,13.356364300434453,52.743779895788556,46.45968324582018,39.65814517695784,50.04006933215017,-11.704500000000053,2021,2,1
2021-03-01,62.35739135742188,65.70217381352964,1719.5173923658288,2.622043454128763,92.00913039497708,3910.5082795516314,32.19260870892069,282.3621566418417,0.1,22.099439447576348,30.242064587691623,500.937,0.0792112650656257,3.344782456107758,5.581239391184845,57.84018319113213,50.24829612622421,42.3174732402869,52.60776746157658,31.33250000000004,2021,3,1
2021-04-01,61.70380982898531,65.32857150123233,1759.757144019717,2.685095242091588,91.58761887323288,4141.176199776785,32.21428580511184,284.46416743206424,0.1,26.439191644841976,30.408762119174824,492.3954,0.0664632376467153,3.6247616722470255,-1.0481219855563828,61.040751269985066,53.93984021175023,46.067870086119605,51.67171011283414,-8.541600000000017,2021,4,2
2021-05-01,65.15699977874756,68.25849990844726,1850.6450073242188,2.959499990940094,90.31799964904783,4167.849536132812,34.06149959564209,286.6755344239588,0.1,28.639606129039414,30.801790443299467,483.58025,0.1031828565318887,3.1015001296997013,5.596396655786595,63.072733655051586,57.908256775420064,49.12032840419415,54.14257055979114,-8.815150000000017,2021,5,2
2021-06-01,71.3527287569913,73.40818162397905,1834.122736150568,3.2724090814590454,91.03909128362484,4238.48954634233,35.34136356006969,288.41542519227534,0.1,20.0577822598544,30.676457895728955,463.02625,-0.0258648500727688,2.05545286698775,9.508923061654873,66.07117945490806,61.95568132302009,51.87358612675977,58.93326822559842,-20.553999999999974,2021,6,2
2021-07-01,72.43047659737724,74.15714336576916,1805.5047607421875,3.815047650110154,92.52285802932012,4363.712797619048,36.152857280912855,290.6179725457944,0.1,12.918531244451351,31.22863230684371,439.5132,-0.1622448790588952,1.7266667683919223,1.5104507692431213,69.64673504437204,65.34374315717855,54.512300076962354,59.370034004122985,-23.51305000000002,2021,7,3
2021-08-01,67.71136318553577,70.51363615556197,1785.231805974787,4.031454519792036,92.7999995838512,4453.965931285511,35.7863637750799,292.9610063836116,0.1,27.03934062610973,31.59495774350377,433.07,-0.02241343891782,2.802272970026195,-6.515369818804073,70.49818951330144,66.7854615841765,56.62257241499835,55.05796581496752,-6.44319999999999,2021,8,3
2021-09-01,71.54476202101935,75.0028559366862,1775.8999953497023,5.114857128688267,92.99238041469027,4445.543317522322,37.002381279355006,294.8818405803982,0.1,23.044076399369672,30.9705887568409,418.4545,0.0391059379838494,3.4580939156668506,5.661381864340398,70.56220060131079,68.31669002810942,59.28249307716681,57.79606065918126,-14.615499999999997,2021,9,3
2021-10-01,81.22285752069382,83.74619038899739,1776.404750279018,5.570619015466599,93.95142800467356,4460.707077752976,42.32047598702567,297.7115199298766,0.1,22.286016290838067,31.63200112764929,427.864,0.1409727732711697,2.5233328683035694,13.527329221992668,73.49299424241632,71.56986464339417,62.754852427572196,64.99067504128352,9.40949999999998,2021,10,4
2021-11-01,78.653809320359,80.78428540910993,1819.499988374256,5.120238099779401,95.27095140729632,4667.386648995535,40.95952370053246,299.4098250712673,0.1,25.713247819380324,31.814935637910708,433.8095,-0.0187971868585305,2.1304760887509246,-3.1629621005149655,77.14047628735739,73.81933290032941,65.86379483787475,62.578065988551764,5.945500000000038,2021,11,4
2021-12-01,71.69000070745295,74.74318140203303,1791.0454434481535,3.863818190314553,96.19000001387164,4674.772771661932,39.308181589299984,301.36132967493825,0.1,34.24791856245561,31.66922297848437,424.5146,0.1772016868538278,3.053180694580078,-8.853746147935793,77.18888918283527,73.87554489207302,67.91561310754655,56.668208702500756,-9.294900000000041,2021,12,4
2022-01-01,82.97900009155273,85.52699966430664,1816.6399963378904,4.2554499983787535,95.966499710083,4573.815454101563,44.2560001373291,307.1251897872415,0.1,49.3977217240767,32.79795236697145,414.611,0.4456988042458331,2.547999572753909,15.746965089548626,77.77427003978823,75.63363214110227,70.4886876491404,64.36076281360542,-9.903599999999983,2022,1,1
2022-02-01,91.62894680625514,94.03368457994964,1857.7420911287008,4.4630000214827685,95.9968426353053,4435.980494449013,49.52105251111482,305.0179632483131,0.48,84.61773265491831,32.70273360603384,412.8355,0.9702528468085474,2.4047377736944924,10.424259999709218,82.09931586842028,79.61989607788884,73.20267883103267,71.56088476007426,-1.7754999999999654,2022,2,1
2022-03-01,108.26217385996942,112.46304420802905,1950.6739024286685,4.979304334391719,98.46695676057234,4391.265264096467,57.79739180855129,304.21059597075947,0.86,100.0,32.35482569283278,412.7045,0.7875438788362368,4.200870348059624,18.15280829199577,94.29004025259242,85.73946471771386,77.02807737291164,84.77559172952222,-0.13100000000002865,2022,3,1
2022-04-01,101.64049949645997,105.91699981689452,1933.9300048828125,6.70460000038147,100.70849990844728,4391.29599609375,57.65250034332276,303.50547257728255,1.2400000000000002,73.24686223810369,32.8144493943759,415.6016,0.3863362681573833,4.27650032043455,-6.1163323508303,100.51054005422817,89.1424050470082,80.3561348452012,79.77534439333124,2.897100000000023,2022,4,2
2022-05-01,109.259522937593,111.4971429734003,1845.9380987258185,8.163476194654192,103.16761888776507,4040.3600027901775,67.7528562999907,302.6702320933501,1.62,51.02658358487216,32.775095692234686,419.892,-0.5402217497121571,2.2376200358072964,7.496050766061413,106.38739876467412,94.2433573165472,84.0313451084383,85.99199280872176,4.290399999999977,2022,5,2
2022-06-01,114.33904811314174,117.66381000337148,1834.547619047619,7.597904772985549,103.8442862374442,3898.9466843377977,74.15761893136161,300.81557874441825,2.0,45.77605507590554,32.64940654766993,417.3415,-0.7368975512893398,3.3247618902297376,4.649045720664602,108.41302351573158,101.351531884162,87.6135383881175,90.54462447233458,-2.5504999999999995,2022,6,2
2022-07-01,99.3844997406006,104.70499954223632,1729.8,7.186950016021728,107.033500289917,3911.7294921875,63.18050022125245,299.8527138737085,2.3800000000000003,39.62580247358842,32.50234585309536,425.2204,-0.5236224268049785,5.3204998016357195,-13.079126177212174,107.6610235971118,104.08578182566998,89.85970698338612,78.95490141005396,7.878899999999987,2022,7,3
2022-08-01,91.4826086293096,97.74086894159733,1762.4782608695652,8.77947819751242,107.1495653235394,4158.563083814538,58.887391463569976,298.26128304106044,2.76,46.756009188565336,32.70195232655768,424.2455,-0.0621853755764169,6.258260312287732,-7.9508284812172985,101.73538549435064,104.06139212951238,91.8406441037006,73.06511660327303,-0.974899999999991,2022,8,3
2022-09-01,83.8019049508231,90.32476116362072,1678.6142868768602,7.757523854573567,110.74333336239768,3850.520496186756,52.92999994187128,296.6893916657188,3.14,46.35721380060369,32.596530373615,429.472,0.0066371507605906,6.52285621279762,-8.39580745845251,91.55633777357775,99.98468064465469,92.86207268118426,67.28531598449764,5.226499999999987,2022,9,3
2022-10-01,87.03095245361328,93.59380958193825,1665.8380940755208,6.084904738834926,111.94142804827008,3726.050955636161,59.11238079979306,296.4089963565134,3.52,51.437461159446016,30.65320840230131,438.3035,0.159144807934934,6.562857128324964,3.8531910517846324,87.43848867791534,97.54975613751355,93.34608059226088,69.94405050575189,8.831500000000005,2022,10,4
2022-11-01,84.38571457635788,91.1142857869466,1726.047630673363,6.42976188659668,108.14000047956196,3917.488595145089,59.71666626703171,294.52507922070896,3.9,39.41649350253019,30.49517416889437,431.71475,-0.0959294295375989,6.728571210588711,-3.039421955844146,85.07285732693143,93.40412141064103,93.82373936359413,68.25195162468457,-6.5887500000000045,2022,11,4
2022-12-01,76.51809510730561,81.3414284842355,1797.1142868768602,5.768047582535517,104.5028566632952,3912.380952380952,54.0438092549642,292.5815772403721,4.279999999999999,36.90724459561434,30.77332161178677,419.1718,-0.1256403593861439,4.823333376929881,-9.32340208120549,82.64492071242559,87.10062924300168,94.22608056358183,62.299648528114105,-12.542949999999962,2022,12,4
2023-01-01,78.16400032043457,83.87900009155274,1899.834991455078,3.42279999256134,102.71199913024904,3960.656530761719,59.96049976348877,297.5206489328425,4.5,33.75774730335582,29.96731097876352,447.2145,-0.2275898970428019,5.714999771118173,2.151001290375576,79.68927000136603,83.56387933964068,93.82483058265531,62.583246540576,28.042699999999968,2023,1,1
2023-02-01,76.86052583393298,83.50947329872533,1853.2368485300165,2.437473673569529,103.66000004818564,4079.6847245065783,58.58263156288549,298.2395871942588,4.6,41.3610805164684,30.32083712280037,471.43825,0.0251271328858902,6.648947464792343,-1.667614862542821,77.18087375389105,81.12686554041123,92.59412883496181,61.39125126777042,24.223749999999995,2023,2,1
2023-03-01,73.37260934580927,79.2069562829059,1912.9608685037365,2.4077826427376787,103.7673913706904,3968.559145720109,58.58173901101817,298.35474120839336,4.7,34.26362471147017,29.78597756079098,476.6798,-0.030871763340409,5.83434693709664,-4.537981558517834,76.13237850005895,79.38864960624227,89.68666512544847,58.582708094445735,5.241550000000018,2023,3,1
2023-04-01,79.43842155054996,83.36894788240132,2001.04736328125,2.197263152975785,101.764209948088,4121.467362253289,61.7152637682463,299.0448507564557,4.8,34.91347919810902,30.02529310638666,464.266,0.0154402831587836,3.930526331851354,8.267134369110662,76.55718557676407,78.12322778906504,87.83649196328929,63.279450732002026,-12.41379999999998,2023,4,2
2023-05-01,71.62090925736861,75.63227358731356,1993.4227294921875,2.2993181943893437,102.70136295665394,4146.173195578836,58.017272602428086,298.7189946439229,4.9,35.66712812943892,29.82724777849552,461.25825,-0.0834433326653649,4.0113643299449535,-9.840971334263916,74.81064671790928,75.99576023590016,84.69994082327061,57.114373162845794,-3.007750000000044,2023,5,2
2023-06-01,70.27428545270648,74.92571367536273,1941.652378627232,2.4746190366290866,103.11190432593936,4345.372837611607,60.93761898222424,298.3003029178222,5.0,36.60406632856889,29.73965208218604,459.0988,0.0340253741480642,4.65142822265625,-1.8802104282466758,73.777872086875,74.95512529346698,81.02787726823433,56.11916072776723,-2.1594499999999925,2023,6,2
2023-07-01,76.03449974060058,80.35549964904786,1950.7649963378904,2.636550009250641,101.32749938964844,4508.07548828125,67.21549987792969,298.23903585903497,5.1,35.203992670232594,29.796505381014804,453.03475,0.0042181875649588,4.320999908447277,8.19675966932547,72.64323148355855,74.60020853016131,79.082043934901,60.73158695060386,-6.064050000000009,2023,7,3
2023-08-01,81.3208697775136,85.10434756071672,1917.5565185546875,2.645130426987358,103.09652179220448,4457.358674422554,71.4530433986498,298.47701207069014,5.2,32.3369008844549,29.71615592259687,435.439,-0.042450595912643,3.783477783203125,6.95259396056791,75.87655165694022,75.34359918742474,78.23523236391799,64.90221966021352,-17.595749999999953,2023,8,3
2023-09-01,89.43050003051758,92.76649932861328,1912.4099975585937,2.6956499934196474,105.33149948120118,4409.094995117188,72.38150024414062,297.7620999921999,5.3,31.197641546075992,29.84052099842937,417.207,-0.0581668319622927,3.3359992980957003,9.972385041123122,82.26195651621059,78.0199143015428,78.70428195389253,71.54588559556491,-18.232000000000028,2023,9,3
2023-10-01,85.46681837602095,88.70409115878019,1915.5681762695312,3.1491818102923306,106.35318235917524,4269.400945490057,64.2059085152366,298.7045867060051,5.4,76.31227666681463,29.547934363561943,421.75,0.5672180014406257,3.2372727827592342,-4.432136299298383,85.40606272801737,79.02464710578796,78.5739374474265,68.1591348205453,4.543000000000006,2023,10,4
2023-11-01,77.37666720435733,82.02772730047053,1985.3714250837052,3.0499999956651167,104.52809506370907,4460.063313802083,62.56571433657692,299.14129328508614,5.5,57.589152943004265,29.85497123379167,443.2085,0.3799018129309111,4.6510600961131985,-9.46583870253609,84.09132853696529,79.98394009695275,77.98985016642646,61.61721658909862,21.458500000000015,2023,11,4
2023-12-01,72.12350006103516,77.32399978637696,2031.6749938964845,2.5388499975204466,102.6830005645752,4685.051489257812,60.88199996948242,299.0420609290665,5.5,51.03612032803622,29.57442976124734,439.4238,0.223366826910571,5.2004997253418,-6.789084271939738,78.32232854713781,80.2921425316742,77.62363391257058,57.453030379743375,-3.7846999999999866,2023,12,4
2024-01-01,73.86095210484096,79.19714319138299,2028.0428466796875,2.714999993642172,102.97476196289062,4804.491513206845,62.46714292253767,297.510693681618,5.5,59.26075328480114,30.467319860689663,426.226,-0.223619778103242,5.33619108654203,2.408995739717934,74.45370645674448,79.92988459238093,77.26504656127112,59.13992160383415,-13.19780000000003,2024,1,1
2024-02-01,76.61000022888183,81.62399940490722,2025.214990234375,1.7955000042915343,104.10450096130371,5011.96142578125,65.63550033569337,298.3013155313262,5.47,52.999170476740055,30.348214720459502,439.25225,-0.0590438594149539,5.0139991760253935,3.721923486903833,74.19815079825266,79.14473966760897,77.24416942751687,61.17848504810678,13.026250000000005,2024,2,1
2024-03-01,80.40499992370606,84.66549949645996,2161.8699951171875,1.747299998998642,103.62400093078614,5170.572485351562,68.99350013732911,297.6797489203111,5.44,46.915075128728695,30.366959114452012,448.038,-0.0438325668910554,4.260499572753901,4.953660988756292,76.95865075247627,77.64048964980705,77.83020197567492,64.34313074867194,8.785750000000007,2024,3,1
2024-04-01,84.39409117265181,88.99999930641867,2332.590897993608,1.7912272702563892,105.41181876442649,5112.492742365057,72.08818123557351,299.1023181887082,5.41,60.88515541770242,30.678783668976465,457.9415,0.0168234002275026,4.60590813376686,4.961247749183362,80.46969710841323,77.46170178257886,78.24317444418341,67.21414601106441,9.903500000000008,2024,4,2
2024-05-01,78.6213642467152,82.99181851473722,2349.6318026455965,2.4179999990896746,104.96500084616922,5235.225497159091,66.83227261629972,299.1902282257814,5.38,45.69175720214844,31.081480394676458,457.2008,-0.0979609227482246,4.370454268022016,-6.8402027271398325,81.14015178102436,77.6691512896385,78.82654569329563,62.59816375321278,-0.7407000000000039,2024,5,2
2024-06-01,78.69842127749794,82.88947416606702,2326.0789345189146,2.809578958310579,105.16684281198602,5415.140496504934,65.4342111286364,300.0308971500134,5.35,37.76945287531072,30.625668275661106,456.498,-0.1185777931451838,4.191052888569075,0.09801029468394784,80.57129223228833,78.7649714923823,79.52855701202824,62.483948119028284,-0.7028000000000247,2024,6,2
2024-07-01,80.48136381669478,83.71772731434216,2393.3363702947445,2.208681805567308,104.61045455932616,5538.004572088068,67.36318172108044,300.7176363089468,5.32,28.36130662397905,30.971484136998274,438.714,-0.4025899650012765,3.2363634976473747,2.2655378726213815,79.26704978030264,79.86837344435794,79.89912901836944,63.75362029828795,-17.783999999999992,2024,7,3
2024-08-01,75.4336367520419,78.87500138716264,2467.249988902699,2.0856363664973867,102.21272693980823,5478.214577414773,63.71454568342729,300.7029568967631,5.29,50.443212335759945,30.655535392591496,425.90420000000006,0.0580574647117825,3.4413646351207348,-6.271920386624696,78.20447394874488,79.67231286488463,79.4085262662468,59.75796105076334,-12.809799999999939,2024,8,3
2024-09-01,69.37249946594238,72.6384994506836,2572.869982910156,2.409250020980835,101.0185001373291,5621.26044921875,58.56700038909912,302.1977155367655,5.26,45.61762723055753,30.49941724266786,416.65725,0.1000998166246071,3.265999984741214,-8.035059089121077,75.09583334489302,77.83356278859067,77.73702621919887,54.68454320851972,-9.246950000000083,2024,9,3
2024-10-01,71.5617383873981,75.37695710555367,2688.904349949049,2.5769565209098486,103.31130450704823,5792.319548233696,62.21695642885955,301.77251901364514,5.23,45.767822265625,30.33484712930111,423.706,0.2264325464055764,3.8152187181555774,3.1557734524622294,72.12262486846079,75.69483732438172,76.57826955348028,56.48974538823734,7.048750000000041,2024,10,4
2024-11-01,69.5439998626709,73.40699996948243,2649.8150146484377,2.982000005245209,105.84349975585936,5929.915991210937,61.74500007629395,302.70450870250266,5.2,44.95529174804688,31.023707455278903,427.904,-0.0702445995086779,3.8630001068115263,-2.819577291155506,70.1594125720038,74.18194326037433,75.92554727500642,54.72795237409964,4.197999999999979,2024,11,4
2024-12-01,69.69761912027995,73.12857164655414,2643.5809500558034,3.406619049253918,107.18999989827472,6010.908551897322,61.46380978538876,303.3635913537109,5.17,51.07565446333452,30.559034252112863,418.8365,0.0627341034523293,3.430952526274183,0.22089505624123262,70.26778579011632,72.68180956750467,75.72339052994349,54.72968003722804,-9.067499999999995,2024,12,4
2025-01-01,75.0980951218378,78.26333436511811,2722.9476260230654,3.7213809490203857,108.60904729933966,5979.51552734375,64.78400001525878,304.455860579099,5.0,37.833251953125,30.84244956265777,415.5802,-0.1009295380736833,3.165239243280311,7.748436847230078,71.44657136826288,71.78459811836184,75.82648578135989,58.758811960545835,-3.25630000000001,2025,1,1
2025-02-01,71.20894743266858,74.94052605879934,2897.1157997532896,3.740947372034976,107.35315744500411,6038.689967105263,64.19473768535413,304.69297695045253,4.97,48.62754128196023,30.6870632096316,431.07225,0.0486439389183875,3.731578626130755,-5.17875677520121,72.00155389159545,71.08048323179962,75.37639804834212,55.672477155843836,15.492050000000006,2025,2,1
2025-03-01,67.93952469598679,71.46714237758091,2986.4095284598216,4.137476239885602,104.18714287167504,5683.983351934524,60.992857433500745,304.73513016869555,4.94,66.3186922940341,30.906113515791883,436.4025,0.2080663140068711,3.5276176815941227,-4.591308893834145,71.41552241683105,70.84165410347369,74.33760844603218,53.10903430978375,5.330249999999978,2025,3,1
2025-04-01,62.96238072713216,66.45666703723725,3211.152367001488,3.425761881328764,100.71761866978235,5369.495721726191,58.50190462384905,305.8455073284281,4.91,50.538420243696734,30.92585957887857,442.17925,0.1361961559617104,3.494286310105096,-7.325844552381211,67.37028428526251,69.40842782676269,72.55163257557221,49.039660984956676,5.77675000000005,2025,4,2
2025-05-01,60.93523824782599,63.97047624133882,3280.7380952380954,3.460809560049148,100.08318120783024,5810.919480096726,59.3495238167899,305.9154266625117,4.88,62.46494640003552,30.82267680963707,439.9572,0.152837398849906,3.0352379935128297,-3.219609004448931,63.94571455698165,67.97363422428855,71.07778874233144,47.4499281172067,-2.2220500000000243,2025,5,2
2025-06-01,67.32600002288818,69.35,3350.939990234375,3.643649995326996,98.36100006103516,6029.951513671875,61.74550018310547,306.78822632938363,4.85,87.5389237837358,30.474656490743783,421.8535,0.3111744443976547,2.0239999771118136,10.487793202794604,63.74120633261544,67.57836437472325,70.13008697111395,52.27722760000847,-18.103700000000003,2025,6,2
2025-07-01,67.21086883544922,69.55304353133492,3341.808699898098,3.306130429972773,98.00272820212624,6296.498180042614,62.84136373346502,306.5188802869825,4.82,47.56396206942471,30.67370410556667,423.46675,-0.0404484449197276,2.342174695885703,-0.17100553634528115,65.15736903538779,66.26382666032515,69.0242123893435,52.23368943879626,1.6132499999999936,2025,7,3
2025-08-01,64.01904787336078,67.2614284697033,3372.7428385416665,2.888523817062378,98.23999968029204,6408.949474516369,62.80238124302456,307.327027542461,4.79,49.54021107066761,30.215307744224614,422.0086,-0.1797701284798018,3.242380596342528,-4.748965483399569,66.18530557723273,65.06551006710718,68.0729966494534,49.62229871034684,-1.4581499999999892,2025,8,3
2025-09-01,63.53380911690848,67.54857054210845,3682.2999906994046,3.0097618897755942,97.68571472167967,6584.0180896577385,64.88666643415179,307.9325782432828,4.76,43.57705549760298,31.091849196001004,417.82675,-0.4943730955314081,4.014761425199971,-0.7579599706202589,64.92124194190616,64.3312241372608,67.58643912036725,49.149338727986596,-4.181849999999997,2025,9,3
2025-10-01,60.06956531690515,63.95391298376995,4044.373906674593,3.3532608695652173,98.7652176566746,6735.691724694293,62.97608665798021,309.4304353560794,4.73,56.1272430419922,30.392395490916723,420.8008,0.0964734606614799,3.884347666864805,-5.452598936148756,62.54080743572481,63.8490882355563,66.6287580311595,46.244478294173206,2.974049999999977,2025,10,4
2025-11-01,59.47947391710783,63.67947367617958,4082.1157612047696,4.46726309625726,99.74736906352796,6740.885767886513,67.19421065481086,309.90848283315734,4.7,33.608731356534086,30.67515357792972,426.542,-0.1804085062955442,4.199999759071751,-0.9823467119900231,61.027616116973824,63.60646084710327,65.7900475356959,45.71956378731532,5.741199999999992,2025,11,4
2025-12-01,57.86636352539063,61.62863592668013,4311.059104225852,4.394227277148854,98.54272738370028,6853.025457208807,63.51000040227717,309.7955646091059,4.67,46.58464605158025,30.635846751243854,424.4545,0.0334656018639351,3.7622724012895006,-2.7120454931482296,59.13846758646787,62.02985476418701,64.80410956945514,44.49584091831588,-2.0874999999999773,2025,12,4
2026-01-01,60.25949974060059,64.76549911499023,4730.8599609375,4.267950010299683,98.20899925231932,6929.12197265625,64.95800037384033,311.4993479136017,4.5,63.013576160777696,30.62834337234779,422.321,0.0811237845368176,4.505999374389646,4.135625723499792,59.201779061033015,60.87129324837891,63.56755995435204,46.082581890720896,-2.1334999999999695,2026,1,1
2026-02-01,64.52315722013775,69.40684268349095,5011.036826685855,3.1292631375162223,97.45526323820415,6893.806280838816,69.92105182848479,311.1715857431755,4.47,40.847913568670094,30.97100051529634,430.93175,0.0905697966522503,4.883685463353203,7.075494316897668,60.883006828709654,60.955311472841736,63.01041076997446,49.39512631078067,8.610749999999996,2026,2,1
2026-03-01,90.99727249145508,99.59954591230913,4856.390891335227,3.0393636551770298,99.48227275501598,6654.419122869318,93.5572721307928,312.33480907226937,4.44,100.0,30.697694947904097,452.54575,1.0,8.602273420854047,41.03040894448782,71.92664315073114,65.5325553685995,64.93188975293016,69.40270705444564,21.613999999999976,2026,3,1
2026-04-01,98.06000046502976,102.46428607759022,4721.633347284226,2.679380950473604,98.72523898170108,6957.007626488095,104.95904795328777,311.73854228311853,4.41,100.0,30.75846761940829,463.43625,0.7287968654634764,4.404285612560457,7.761472163067196,84.5268100588742,71.8642945599536,67.85669139775494,74.93242956244204,10.890499999999975,2026,4,2
2026-05-01,98.5134994506836,104.09199981689451,4589.68994140625,2.936900019645691,98.71650009155272,7412.551538085938,116.7590000152588,312.95358747383415,4.38,78.9009024880149,30.94870034127815,446.0938,0.7919786691466124,5.578500366210918,0.4624709193383758,95.8569241357228,78.36996548221623,70.98821316465975,74.98669896176104,-17.342449999999985,2026,5,2
2026-06-01,81.79047611781529,84.61857096354167,4234.3666759672615,3.2009047667185464,100.29476202101937,7450.032900855655,103.77523803710938,313.9684715169312,4.35,68.1553164395419,30.621786220890087,416.3,-0.520819780432421,2.8280948457263833,-16.975362184996733,92.7879920111762,82.35731758095368,72.19358617257033,62.05619183876648,-29.793799999999976,2026,6,2
2026-07-01,79.22045482288708,84.51227326826616,4069.300037730824,2.93999999219721,100.95954617587005,7481.339089133523,115.10636416348544,314.2020376917895,4.32,62.51465537331321,30.87873906422253,408.8384,-0.5473858325204797,5.291818445379079,-3.1422011668280514,86.50814346379532,85.51747676133476,73.19438500485684,60.06158068283119,-7.461600000000033,2026,7,3
2026-08-01,82.45238095238095,88.07571374802362,4412.614269438244,2.770857129778181,99.5038096110026,7711.323335193452,119.54142906552268,312.9723324854127,4.29,39.963111877441406,30.75894275464367,426.64875,-0.5976777462369286,5.623332795642668,4.079661164177195,81.15443729769444,88.50568071670862,74.73049609477518,62.757506251700775,17.810350000000028,2026,8,3
2026-09-01,94.4525022506714,99.18124866485596,4397.049987792969,2.8938750326633453,99.15124893188477,7665.3675537109375,134.3762493133545,314.95617167581935,4.26,39.963111877441406,30.89407248857258,424.069,-0.5976777462369286,4.728746414184556,14.554002152128188,85.37511267531313,89.0815523432447,77.30705385592209,71.43840809009862,-2.57974999999999,2026,9,3
