,WTI,Brent,Gold,NaturalGas,USD_Index,SP500,Gasoline_ETF,CPI,FedFundsRate,GeopoliticalRiskIndex,OPEC_Production_Mbpd,US_Crude_Inventory_Mbbl,NewsSentiment,WTI_Brent_Spread,WTI_MoM_Change,WTI_3M_Avg,WTI_6M_Avg,WTI_12M_Avg,WTI_Real,Inventory_Change,Year,Month,Quarter,WTI_Lag1,WTI_Lag2,WTI_Lag3,WTI_Lag6,WTI_Lag12,WTI_Roll_Mean_3M,WTI_Roll_Std_3M,WTI_Roll_Mean_6M,WTI_Roll_Std_6M,WTI_Roll_Mean_12M,WTI_Roll_Std_12M,WTI_YoY_Change,GeoRisk_Composite,Month_Sin,Month_Cos,Is_Q1,Is_Q3,Is_Winter_Demand,Oil_Gold_Ratio,Oil_SP500_Ratio,Real_Interest_Rate,OPEC_Surprise
2016-01-01,31.7757894616378,32.212105098523594,1097.642096268503,2.23336840930738,99.02300033569335,1918.5978875411183,25.26052625555741,242.80045607748627,0.4,40.09597431529652,32.84004091389717,458.44220000000007,0.1431348544304219,0.43631563688579433,-14.872458505367991,37.34202073171758,41.111648935557156,47.500621066437844,31.175632586975816,3.5697000000000685,2016,1,1,37.32727258855646,42.92300014495849,46.289545405994765,50.93000013178045,47.325500106811525,37.34202073171758,5.573619975866641,41.111648935557156,5.544082760448395,47.500621066437844,8.337151533378647,-32.856938880896614,48.23922667462626,0.49999999999999994,0.8660254037844387,1,0,1,0.02894913521390253,0.016561985014064695,-1.525083229626945,0.7982297771443925
2016-02-01,30.616499996185304,33.55649995803833,1201.4050048828126,1.9294500052928925,97.09550018310549,1904.418493652344,22.616499996185304,244.17613962443025,0.42,33.52256774902344,32.452954801464095,476.63075,-0.2777484785686323,2.939999961853026,-3.6483419770013237,33.239854015459855,39.06622431600358,45.82493469406571,29.869004052170876,18.188549999999907,2016,2,1,31.7757894616378,37.32727258855646,42.92300014495849,42.88904771350679,50.72473646465101,33.239854015459855,3.5869528795271983,39.06622431600358,6.8639740948169505,45.82493469406571,9.561155212568115,-39.64187469456585,41.04509549295783,0.8660254037844386,0.5000000000000001,1,0,1,0.02548391247872058,0.016076560954471415,-2.3498107505172543,0.36605769599640325
2016-03-01,37.96090906316584,39.75136375427246,1244.8818192915485,1.8121363683180376,96.25954506613992,2021.9540904651988,25.67590921575373,245.79176451696148,0.44,36.23649597167969,32.38650949748274,497.084,-0.3501484821581417,1.7904546911066177,23.98840190059486,33.45106617366298,37.815502776749774,45.000502899003266,36.790670275814115,20.453250000000025,2016,3,1,30.616499996185304,31.7757894616378,37.32727258855646,45.46523829868862,47.854090603915125,33.45106617366298,3.9484174275495216,37.815502776749774,6.106704799097912,45.000502899003266,9.793976585764135,-20.67363816948155,39.807413949975,1.0,6.123233995736766e-17,1,0,0,0.030493584591398514,0.018774367450768523,-2.765736235997936,0.2596202367111289
2016-04-01,41.12476185389927,43.386666434151785,1242.538080124628,2.0143809602374123,94.403809320359,2075.5352318173364,26.378095263526557,244.93919668972143,0.46,25.100659457120027,32.36162539653101,506.5096,-0.2538627977362645,2.261904580252512,8.334502172929703,36.56739030441681,36.95470551806719,43.87522509216112,39.9957210088359,9.425599999999974,2016,4,2,37.96090906316584,30.616499996185304,31.7757894616378,46.289545405994765,54.62809553600493,36.56739030441681,5.390947292991329,36.95470551806719,4.922503085844222,43.87522509216112,9.353062590020517,-24.718660882486226,36.90306453532119,0.8660254037844387,-0.4999999999999998,0,0,0,0.03309738551388577,0.01981405144238016,-2.3212802060148023,0.2055137839565333
2016-05-01,46.7966666448684,47.73904764084589,1259.5904773530506,2.08342859290895,94.52190471830822,2065.5504789806546,27.67571458362398,245.64788381631573,0.48,26.51473652232777,32.766380265690046,507.015,-0.0979190473232318,0.9423809959774871,13.791945619330903,41.960779187311175,37.600316601385515,42.8272806516222,45.38060854296467,0.5054000000000087,2016,5,2,41.12476185389927,37.96090906316584,30.616499996185304,42.92300014495849,59.37199993133545,41.960779187311175,4.476812118793615,37.600316601385515,5.998299078795513,42.8272806516222,8.07625091726913,-21.180578894109342,38.86367499632628,0.49999999999999994,-0.8660254037844387,0,0,0,0.037152286783587875,0.022655784557604187,-2.003544001955318,0.5303728428636134
2016-06-01,48.85318166559393,49.92681815407493,1276.7454612038352,2.62381818077781,94.67227207530628,2083.891368519176,27.13999990983443,245.8605613814854,0.5,27.34914953058416,32.92640349292801,499.6725,-0.1098434330199928,1.0736364884810001,4.394575870824413,45.59153672145387,39.52130144755842,41.91265941406968,47.33391295675323,-7.342499999999973,2016,6,2,46.7966666448684,41.12476185389927,37.96090906316584,37.32727258855646,59.82863651622426,45.59153672145387,4.002670582958392,39.52130144755842,7.540680097158088,41.91265941406968,6.429414757494412,-18.344818618177968,39.7871383356441,1.2246467991473532e-16,-1.0,0,0,0,0.0382638381335211,0.023443247763953658,-2.19505277896831,0.5835526481120823
2016-07-01,44.799499702453616,46.330999755859374,1337.210003662109,2.7613999605178834,96.57250061035155,2148.9019775390625,23.791499900817872,247.0608259862769,0.52,38.45929579301314,32.58111197389082,491.227,0.2076312402251106,1.5315000534057575,-8.297682617456259,46.81644933763865,41.69191982102773,41.40178437829244,43.19541973323079,-8.445500000000038,2016,7,3,48.85318166559393,46.7966666448684,41.12476185389927,31.7757894616378,50.93000013178045,46.81644933763865,2.0269133875852323,41.69191982102773,6.691878627005491,41.40178437829244,5.866705820041084,-12.037110570320593,46.6660459349737,-0.4999999999999997,-0.8660254037844388,0,1,0,0.03350221698867779,0.02084762365640793,-2.492498545130704,0.2072898996991981
2016-08-01,44.79913081293521,47.172608251157016,1337.9565270465353,2.722347829652869,95.38000023883322,2177.482167119565,24.18304352138353,247.30809578925587,0.54,31.244766928932883,32.69745252037138,492.9075,0.0625435206686368,2.373477438221805,-0.0008234232990456114,46.15060406032759,44.05569162381938,41.56095796991148,43.151875676286686,1.6805000000000518,2016,8,3,44.799499702453616,48.85318166559393,46.7966666448684,30.616499996185304,42.88904771350679,46.15060406032759,2.340500869127219,44.05569162381938,3.9337394634252476,41.56095796991148,5.9362261102291045,4.4535451385806555,43.20990754452258,-0.8660254037844385,-0.5000000000000004,0,1,0,0.03348324845164587,0.020573822136964286,-2.0266884254718303,0.2682905802407234
2016-09-01,45.22571436564128,47.2980953398205,1325.1142868768602,2.902904748916626,95.46523757207962,2157.690964471726,25.31476175217401,249.07305684739524,0.56,33.88419411399148,32.606999390509614,475.2098,0.0819745435643955,2.072380974179218,0.9522139045226696,44.94144829367671,45.26649250756529,41.54099764215753,43.25408288305211,-17.697700000000054,2016,9,3,44.79913081293521,44.799499702453616,48.85318166559393,37.96090906316584,45.46523829868862,44.94144829367671,0.24618170885039256,45.26649250756529,2.561166800690688,41.54099764215753,5.922291005772415,-0.5268287201614559,46.41836078856916,-1.0,-1.8369701987210297e-16,0,1,0,0.0341296707862774,0.020960237174884044,-2.9297260534213048,0.13834687339353735
2016-10-01,49.86949996948242,51.21049976348877,1263.980010986328,3.0642500162124637,97.7389991760254,2143.0209379650296,28.16619046529134,248.95309327313788,0.5800000000000001,25.33990339799361,32.39228915199506,473.35125,-0.1684113308558479,1.3409997940063505,10.268020459106552,46.6314483826863,46.72394886016247,41.83932718911483,47.71840406021729,-1.8585499999999797,2016,10,4,45.22571436564128,44.79913081293521,44.799499702453616,41.12476185389927,46.289545405994765,46.6314483826863,2.812334784645048,46.72394886016247,2.194837017793986,41.83932718911483,6.263574910510486,7.733829598214263,38.663078952363975,-0.8660254037844386,0.5000000000000001,0,0,0,0.039454342264616166,0.023270654563274967,-2.4103730629983193,-0.11232944059013761
2016-11-01,45.88199977874756,47.10850086212158,1235.960003662109,2.885550022125244,99.7055004119873,2164.9856887090773,26.28714252653576,248.8366328282368,0.6000000000000001,24.053979353471235,32.94959879926732,488.117,-0.1047430323856857,1.2265010833740178,-7.995869606021722,46.99240470462376,46.571504382475666,42.08591049193059,43.92345011659831,14.765750000000025,2016,11,4,49.86949996948242,45.22571436564128,44.79913081293521,46.7966666448684,42.92300014495849,46.99240470462376,2.513152503961546,46.571504382475666,2.2203919536970766,42.08591049193059,6.367497667089921,6.893739076476503,35.31667023567986,-0.5000000000000004,0.8660254037844384,0,0,1,0.03712256031136078,0.021192749687825346,-2.116940591226491,0.3915749585898638
2016-12-01,52.16571499052502,54.717618851434615,1151.395252046131,3.583714292162941,102.0133325485956,2246.6290457589284,29.83380953470866,249.95207401164603,0.62,32.809302590110086,32.08428926617217,483.8946,-0.0170158911547367,2.551903860909597,13.695382158752501,49.30573824625167,47.12359326996418,43.3224473587613,49.716075967878126,-4.222399999999993,2016,12,4,45.88199977874756,49.86949996948242,45.22571436564128,48.85318166559393,37.32727258855646,49.30573824625167,3.1795659571891344,47.12359326996418,3.1276518477924573,43.3224473587613,6.786382319846852,39.75228130253917,38.10351299858332,-2.4492935982947064e-16,1.0,0,0,1,0.045306522584115994,0.023219549791172064,-2.192915437246688,-0.5028486896777835
2017-01-01,52.608499717712405,55.4269998550415,1193.190008544922,3.291200006008148,101.1219997406006,2275.1159790039064,29.557999992370604,250.0925510966522,0.9,34.18237859552557,31.77850139675469,487.90575,0.1366471002700023,2.818500137329096,0.8488040991440737,50.21873816232833,48.42509327250732,45.05850654676752,50.10990548594013,4.0111499999999864,2017,1,1,52.16571499052502,45.88199977874756,49.86949996948242,44.799499702453616,31.7757894616378,50.21873816232833,3.7622452650478286,48.42509327250732,3.5617525095179077,45.05850654676752,6.2036900798218255,65.56158197493558,40.53072453389635,0.49999999999999994,0.8660254037844387,1,0,1,0.04409063044487509,0.023123436432684316,-2.10332838618671,-0.7201749326667226
2017-02-01,53.46210560045744,55.926842739707546,1234.5420949835527,2.9067368507385254,100.69105329011616,2329.910541735197,28.362631446436836,250.48097203624664,1.0,38.2756181196733,31.75257577206198,516.3945,0.1934427752742292,2.4647371392501043,1.62256267965315,52.74544010289829,49.86892240376102,46.962307013790195,50.84400384184379,28.488749999999982,2017,2,1,52.608499717712405,52.16571499052502,45.88199977874756,44.79913081293521,30.616499996185304,52.74544010289829,0.6589549720592921,49.86892240376102,3.5537709202322043,46.962307013790195,4.689436154326669,74.61860633030754,39.84799846151094,0.8660254037844386,0.5000000000000001,1,0,1,0.0433052107475822,0.022945990690446068,-1.582083745575603,-0.6877356382425859
2017-03-01,49.67391320933466,52.50565188864003,1230.378269361413,2.9924347504325537,100.75912973155144,2366.822170091712,26.28608687027641,251.89695401549136,1.1,30.289036143909804,31.392649205585936,531.8358000000001,-0.0312764246411395,2.8317386793053743,-7.085752326018325,51.91483950916817,50.61028887770991,47.938390692637604,46.97576719864362,15.44130000000007,2017,3,1,53.46210560045744,52.608499717712405,52.16571499052502,45.22571436564128,37.96090906316584,51.91483950916817,1.9870766874302077,50.61028887770991,2.7686581939964676,47.938390692637604,3.7754433432311325,30.855436382407802,32.56922069883422,1.0,6.123233995736766e-17,1,0,0,0.04037287917537143,0.020987598408037544,-1.3838869237657323,-0.9648405137272356
2017-04-01,51.11736899928043,53.81894703915245,1268.6526392886512,3.189473691739534,100.04526278847142,2359.309454666941,26.863157673885947,252.1008983926978,1.2000000000000002,40.66360126842152,31.603320909738034,530.5485,0.0824288559966309,2.701578039872018,2.9058628497070416,51.417795936357514,50.81826704934292,48.7711079547527,48.30171185043327,-1.287300000000073,2017,4,2,49.67391320933466,53.46210560045744,52.608499717712405,49.86949996948242,41.12476185389927,51.417795936357514,1.9118819671808978,50.81826704934292,2.748678718941273,48.7711079547527,3.19307554043201,24.298273582424894,38.64693871051044,0.8660254037844387,-0.4999999999999998,0,0,0,0.04029264387731825,0.021666241746265504,-1.7238691886658284,-0.6909767690090511
2017-05-01,48.53954575278542,51.34954556551847,1243.7636385830965,3.235636364329945,98.26863653009588,2395.345880681818,25.17272732474587,252.5611764262778,1.3,32.990892583673656,31.937582639082137,517.38725,-0.0667955372557931,2.8099998127330466,-5.042949778051553,49.77694265380017,51.261191378349224,48.91634788041245,45.782292883619306,-13.161249999999995,2017,5,2,51.11736899928043,49.67391320933466,53.46210560045744,45.88199977874756,46.7966666448684,49.77694265380017,1.2919963128286582,51.261191378349224,1.8668110730913774,48.91634788041245,3.1341971918454576,3.7243659279055494,37.19885134341196,0.49999999999999994,-0.8660254037844387,0,0,0,0.03902634250322008,0.020264107218940067,-1.514309857898678,-0.2876485707809593
2017-06-01,45.19590950012207,47.54000039534135,1260.0590931285512,2.993590918454257,96.94863683527166,2433.98545143821,23.650909077037465,252.33877727411863,1.4,43.99500760165128,31.568243672266625,509.195,0.1727258377554189,2.3440908952192814,-6.888478663753206,48.28427475072931,50.09955712994874,48.61157519995646,42.666160176469816,-8.192250000000001,2017,6,2,48.53954575278542,51.11736899928043,49.67391320933466,52.16571499052502,48.85318166559393,48.28427475072931,2.968971726610308,50.09955712994874,3.009918086862433,48.61157519995646,3.31358289388207,-7.486251746112135,46.12637384505135,1.2246467991473532e-16,-1.0,0,0,0,0.03586808725577167,0.01856868514691849,-1.2349146264989632,-0.5438075525413524
2017-07-01,46.67500038146973,49.12550029754639,1235.9599975585938,2.9551499843597413,94.8610008239746,2454.102502441406,25.147500228881835,253.5752490207089,1.5,33.09702786532316,31.802023851038808,487.819,-0.0961446201674202,2.4504999160766587,3.2726211236963065,46.803485211459076,49.11064057390829,48.767866923207805,43.84760663492148,-21.375999999999976,2017,7,3,45.19590950012207,48.53954575278542,51.11736899928043,52.608499717712405,44.799499702453616,46.803485211459076,1.6755169683367381,49.11064057390829,2.9954330149112436,48.767866923207805,3.1580118132193054,4.186432195610868,43.41641373555371,-0.4999999999999997,-0.8660254037844388,0,1,0,0.03776416750808259,0.019019173133496263,-1.1367689043482079,-0.2451033635315092
2017-08-01,48.05782566899838,51.90695638241975,1283.7956436820652,2.9051738821941875,93.17608642578124,2456.223070227581,26.791304380997367,254.79449412976396,1.6,49.33255282315341,32.06395707444595,465.7167500000001,0.2106367797646001,3.849130713421367,2.9626679726341143,46.64291185019673,48.209927251998444,49.039424827879735,44.93062936685417,-22.102249999999913,2017,8,3,46.67500038146973,45.19590950012207,48.53954575278542,53.46210560045744,44.79913081293521,46.64291185019673,1.4312278975755373,48.209927251998444,2.105638105241543,49.039424827879735,2.916595036236286,7.27401357332197,57.03725410806217,-0.8660254037844385,-0.5000000000000004,0,1,0,0.037434171010885336,0.01956574150423151,-1.4271545768107976,0.0696211470360879
2017-09-01,49.876999855041504,55.65200023651123,1313.9400024414062,3.00589998960495,92.3240005493164,2492.8410400390626,28.86599969863892,254.20770517170035,1.7000000000000002,38.87929396195845,31.92123865967243,467.875,-0.0522199372546051,5.775000381469724,3.7853859610145646,48.20327530183655,48.243775026282925,49.42703195199641,46.73906666699527,2.158249999999896,2017,9,3,48.05782566899838,46.67500038146973,45.19590950012207,49.67391320933466,45.22571436564128,48.20327530183655,1.6059473384760132,48.243775026282925,2.135301444799822,49.42703195199641,2.661613756961702,10.284603692040035,50.74646628526492,-1.0,-1.8369701987210297e-16,0,1,0,0.0379598762211261,0.02000809480176877,-0.36150291376199206,-0.015950540167665395
2017-10-01,51.59454588456588,57.64909068020907,1279.2500055486505,2.912590904669328,93.71954484419388,2556.9972700639205,29.13318174535578,256.1329538254907,1.8,27.937077608975496,31.75955980062956,457.737,-0.0526658409169783,6.054544795643189,3.4435632345893197,49.84312380286858,48.32330450716383,49.570785778253374,47.98513928496683,-10.137999999999977,2017,10,4,49.876999855041504,48.05782566899838,46.67500038146973,51.11736899928043,49.86949996948242,49.84312380286858,1.7686034493306426,48.32330450716383,2.2684679717340805,49.570785778253374,2.7333034035485055,3.4591201358327286,46.27429730497479,-0.8660254037844386,0.5000000000000001,0,0,0,0.04033187075268721,0.020177786847255543,-1.0840214266691033,-0.12490195326340725
2017-11-01,56.66285741896856,62.87142853509812,1280.6904703776042,3.058857111703782,93.9971440633138,2593.605736142113,31.92428552536737,255.1733321512752,1.9,28.452734513716265,31.81508375079438,456.74875,-0.2462645792592107,6.208571116129562,9.82334750216074,52.71146771952531,49.67718978486102,50.469190581605126,52.89706917612137,-0.9882500000000505,2017,11,4,51.59454588456588,49.876999855041504,48.05782566899838,48.53954575278542,45.88199977874756,52.71146771952531,3.528115858150578,49.67718978486102,4.104463061483403,50.469190581605126,3.1505437650869266,23.496921869597024,44.408248620145855,-0.5000000000000004,0.8660254037844384,0,0,1,0.04424399082302799,0.0218471360658825,-0.6465299264889164,0.025164917607490622
2017-12-01,57.94699993133545,64.06650028228759,1265.5700073242188,2.776049995422363,93.38800010681152,2664.34052734375,30.893500137329102,256.85195904906635,2.0,23.96284276788885,31.890712761531912,436.785,-0.1794900650733348,6.119500350952144,2.2662861896848296,55.401467744956626,51.80237152339658,50.950964326672654,53.74233072800713,-19.963749999999948,2017,12,4,56.66285741896856,51.59454588456588,49.876999855041504,45.19590950012207,52.16571499052502,55.401467744956626,3.358831052071234,51.80237152339658,4.59222358891464,50.950964326672654,3.807162537741746,11.082537528452354,46.1242524641046,-2.4492935982947064e-16,1.0,0,0,1,0.04578727339895981,0.0217490967601236,-0.7604832105129207,0.11692530373171195
2018-01-01,63.65904780796596,69.02238028390067,1330.675,3.160571438925607,90.74476187569756,2789.803815569197,33.00190453302292,256.8211434756623,1.5,28.37581287730824,32.28929619271381,415.52775,0.0053466308426496,5.363332475934712,9.857366012734104,59.422968386089984,54.63304609447929,51.87184333419379,59.046993079374595,-21.25725,2018,1,1,57.94699993133545,56.66285741896856,51.59454588456588,46.67500038146973,52.608499717712405,59.422968386089984,3.7243163331473452,54.63304609447929,5.859302244784463,51.87184333419379,5.291597944887205,21.005252287270647,54.5623851804133,0.49999999999999994,0.8660254037844387,1,0,1,0.047839666190082154,0.022818467539714643,-1.190440938566696,0.47294250191701437
2018-02-01,62.18368429886667,65.70368415430973,1330.0578806023848,2.662368423060367,89.73052617123253,2705.1552477384867,31.378421181126644,257.2046190594954,1.65,15.677895979447795,32.446396777696464,421.5815,-0.1670250740822772,3.5199998554430536,-2.3176022260808504,61.2632440127227,56.987355866124005,52.59864155906123,57.5925236828848,6.0537499999999795,2018,2,1,63.65904780796596,57.94699993133545,56.66285741896856,48.05782566899838,53.46210560045744,61.2632440127227,2.965177983949312,56.987355866124005,5.516866513219335,52.59864155906123,6.071373957147652,16.313571267822656,47.97663534614382,0.8660254037844386,0.5000000000000001,1,0,1,0.046752615209675004,0.022987103734849395,-1.0342945268815922,0.5722246697634574
2018-03-01,62.77190489996048,66.80904751732236,1324.2381068638392,2.6993809654599143,89.87619127546039,2702.773821149553,31.25,258.6216183749013,1.8,37.2555888782848,32.71616981935512,428.0842,0.1748131540808465,4.037142617361873,0.9459404146378692,62.87154566893104,59.13650670694384,53.690140866613376,57.81877771525345,6.502700000000004,2018,3,1,62.18368429886667,63.65904780796596,57.94699993133545,49.876999855041504,49.67391320933466,62.87154566893104,0.7427116419758921,59.13650670694384,4.634001068716904,53.690140866613376,6.647776123198078,26.36794817317607,59.14715953589382,1.0,6.123233995736766e-17,1,0,0,0.047402279525203844,0.023224993674472498,-0.8696092398943216,0.731704326941351
2018-04-01,66.32523781912667,71.7623806908017,1335.3428664434523,2.7242381005060103,90.2933327811105,2653.6252092633927,32.723809650966096,258.7079845611445,1.95,42.392487959428266,32.76143600245152,430.47425,0.1682778331418283,5.437142871675036,5.6607058919577735,63.76027567265127,61.59162202937063,54.957463268267226,61.071334018872726,2.390049999999974,2018,4,2,62.77190489996048,62.18368429886667,63.65904780796596,51.59454588456588,51.11736899928043,63.76027567265127,2.2407083653449464,61.59162202937063,3.6332069581250215,54.957463268267226,7.50681780000417,29.750883344681373,60.48610645252872,0.8660254037844387,-0.4999999999999998,0,0,0,0.04966906963398876,0.02499419947750935,-0.6708102432680791,0.6804609189782909
2018-05-01,69.98318099975586,77.17681884765625,1302.6181696111505,2.8293181657791138,93.29954598166726,2701.4936190518465,34.764090451327235,260.338786222927,2.1,43.48482652143999,32.62527768837484,434.689,0.3153451014045625,7.193637847900391,5.515160293287824,66.36010790628102,63.81167595950185,56.74443287218143,64.03585707682545,4.214750000000038,2018,5,2,66.32523781912667,62.77190489996048,62.18368429886667,56.66285741896856,48.53954575278542,66.36010790628102,3.6057645082705876,63.81167595950185,4.063364828695439,56.74443287218143,8.345596835970335,44.177659503004115,59.202073811630896,0.49999999999999994,-0.8660254037844387,0,0,0,0.05372501522845299,0.02590536601898733,-0.9794953946215341,0.48699468412721814
2018-06-01,67.32285672142392,75.97952379499164,1280.0238037109375,2.9425238087063743,94.37714276994976,2754.3528878348216,33.33523813883463,259.9146185961825,2.25,33.62208626487038,32.823870997519606,426.0138,-0.0461843778977606,8.656667073567718,-3.80137661696347,67.87709184676882,65.37431875784993,58.588345140623254,61.702143723423966,-8.675200000000018,2018,6,2,69.98318099975586,66.32523781912667,62.77190489996048,57.94699993133545,45.19590950012207,67.87709184676882,1.8909044155648418,65.37431875784993,3.0277885986826596,58.588345140623254,7.999280431552672,48.957853633285296,51.66894526085122,1.2246467991473532e-16,-1.0,0,0,0,0.05259500372236923,0.024442349786959052,-0.7522501511268507,0.5809523828342336
2018-07-01,70.58190518333798,74.7952386765253,1236.0238211495537,2.78933334350586,94.59761919294084,2793.643357049851,33.728095463344026,261.22747804126817,2.4,36.376557783647016,32.976116181009345,407.50225,-0.0757863398547532,4.213333493187321,4.840924198151186,69.2959809681726,66.52812832041194,60.58058720744561,64.36398762419765,-18.51155,2018,7,3,67.32285672142392,69.98318099975586,66.32523781912667,63.65904780796596,46.67500038146973,69.2959809681726,1.7348003146853213,66.52812832041194,3.522120438003746,60.58058720744561,7.735177728244284,51.219934882656034,54.404896835102214,-0.4999999999999997,-0.8660254037844388,0,1,0,0.05710400072801415,0.02526518104215757,-0.6177349919251474,0.6353565388264357
2018-08-01,67.84521782916525,73.92260808530061,1199.9521749745245,2.908086952955826,95.48173954175866,2857.8204292629075,33.47521723871646,260.20441727333014,2.55,37.60985634543679,32.61985289297023,407.4446,-0.0734715014880811,6.077390256135359,-3.877321456631311,68.58332657797571,67.47171724212836,62.229536554126184,62.11164044734618,-0.05765000000002374,2018,8,3,70.58190518333798,67.32285672142392,69.98318099975586,62.18368429886667,48.05782566899838,68.58332657797571,1.7504149831051954,67.47171724212836,2.8122955924877724,62.229536554126184,6.885357411393762,41.17413113205309,54.13188016666383,-0.8660254037844385,-0.5000000000000004,0,1,0,0.05653993487702144,0.023740196246839262,0.4267503740441967,0.23276859924362725
2018-09-01,70.0847372757761,79.15999964663857,1196.705258018092,2.8959999962856897,94.73947464792352,2901.500513980264,34.5942103737279,261.84064888946745,2.7,20.479049682617188,32.57902871737979,397.571,-0.162008130956851,9.075262370862461,3.300924543053241,69.50395342942645,68.69052263809762,63.91351467252073,63.760953722313126,-9.873599999999954,2018,9,3,67.84521782916525,70.58190518333798,67.32285672142392,62.77190489996048,49.876999855041504,69.50395342942645,1.4578569291113306,68.69052263809762,1.75338247868622,63.91351467252073,6.004386588497245,40.515142208763045,48.19797235602288,-1.0,-1.8369701987210297e-16,0,1,0,0.05856474416370527,0.024154652717739027,-0.30264058188619547,0.1371285855109079
2018-10-01,70.75782610022503,80.62956635848336,1213.9695673403533,3.2079564903093423,95.8526093856148,2785.464780061141,33.73652167942213,262.60896366706515,2.85,28.189308860085227,32.862234475339896,418.79575,-0.0968584337882361,9.871740258258328,0.960392876697802,69.56259373505547,69.42928735161402,65.51045469049232,64.18497245427228,21.224749999999972,2018,10,4,70.0847372757761,67.84521782916525,70.58190518333798,66.32523781912667,51.59454588456588,69.56259373505547,1.5248925021124689,69.42928735161402,1.4680791600501013,65.51045469049232,4.871664259350751,37.14206586590328,48.490527595741476,-0.8660254037844386,0.5000000000000001,0,0,0,0.058286326118259464,0.025402520472155413,0.3216217710952072,0.3284447872451537
2018-11-01,56.6933328537714,66.23285729544503,1219.238101050967,4.0933809507460825,96.7614288330078,2723.231422061012,26.937142780848912,262.86783135144645,3.0,22.91253870183771,32.725654547666004,442.8798,-0.240741134770404,9.539524441673628,-19.87694368469144,65.84529874325752,67.21431266061661,65.51299431005923,51.376317245007236,24.08404999999999,2018,11,4,70.75782610022503,70.0847372757761,67.84521782916525,69.98318099975586,56.66285741896856,65.84529874325752,7.9329768607464,67.21431266061661,5.352333016694273,65.51299431005923,4.866638020260412,0.0537837945190588,41.35312298044595,-0.5000000000000004,0.8660254037844384,0,0,1,0.04649898391826626,0.02081840433915684,-0.015400996374384412,0.11598395983195786
2018-12-01,48.777369248239616,57.47000021683542,1253.047369706003,3.896631604746768,96.87578984310753,2567.3073858963817,24.11947370830335,263.2036166718297,3.15,27.548939098011367,32.89223197200505,441.56,0.1086583675537272,8.692630968595807,-13.962776938779308,58.742842734078685,64.12339808175257,64.74885841980125,44.14636444662366,-1.3197999999999865,2018,12,4,56.6933328537714,70.75782610022503,70.0847372757761,67.32285672142392,57.94699993133545,58.742842734078685,11.132631715708856,64.12339808175257,9.228476868725702,64.74885841980125,6.5806593562171125,-15.824168108722498,46.750469542408446,-2.4492935982947064e-16,1.0,0,0,1,0.03892699544095828,0.018999426993436895,0.6771134211789236,0.19910144996490686
2019-01-01,51.55047625587101,60.12190500895182,1290.8618977864585,3.100333338692075,95.93761880057198,2607.3899972098216,24.245714096795943,262.0413174446978,2.4,26.10186490145597,32.608500734818094,441.9405,-0.0348413904917287,8.57142875308081,5.685232824915998,52.34039278596068,60.95149326050807,63.739810790460005,46.86313423549686,0.38049999999998363,2019,1,1,48.777369248239616,56.6933328537714,70.75782610022503,70.58190518333798,63.65904780796596,52.34039278596068,4.016664791143099,60.95149326050807,9.816558405788879,63.739810790460005,7.610682279439857,-19.0209749737723,45.53767144665742,0.49999999999999994,0.8660254037844387,1,0,1,0.03993492746502882,0.019770911260240193,0.3673893284685126,-0.1112301657307384
2019-02-01,54.98052597045898,64.2763153879266,1318.4473684210527,2.6825789401405737,96.45842100444592,2754.8642064144738,26.01894730015805,264.176987108278,2.32,30.363710576837715,31.98693912730648,449.606,0.1178531730873045,9.295789417467624,6.653769205861271,51.76945715818986,58.80737795072369,63.139547596426034,49.577238308393376,7.665500000000009,2019,2,1,51.55047625587101,48.777369248239616,56.6933328537714,67.84521782916525,62.18368429886667,51.76945715818986,3.1073707224581595,58.80737795072369,9.406058939340527,63.139547596426034,8.017747827159315,-11.583678917749452,47.41890990414267,0.8660254037844386,0.5000000000000001,1,0,1,0.041700963790375335,0.019957617454334695,-0.39082536319837713,-0.6945036357098466
2019-03-01,58.16809517996652,67.02761949811664,1298.5285935174852,2.8046666781107583,96.78285689581008,2803.9837937127977,28.70476186843145,265.50244477371194,2.24,23.78558765758168,31.997435967379964,446.6586,-0.0386302892253558,8.859524318150115,5.797633167824223,54.89969913543217,56.82127093475543,62.755896786426526,52.18969288656155,-2.947400000000016,2019,3,1,54.98052597045898,51.55047625587101,48.777369248239616,70.0847372757761,62.77190489996048,54.89969913543217,3.3095497864638577,56.82127093475543,7.64109738837438,62.755896786426526,8.146058751812518,-7.334188324109406,43.269617560513225,1.0,6.123233995736766e-17,1,0,0,0.044795390313240195,0.020744804342373826,-0.4205766532773465,-0.624112307971771
2019-04-01,63.87095260620117,71.62857237316314,1284.7857200985864,2.603095213572184,97.3585717337472,2903.799979073661,31.7266666775658,265.198185275538,2.16,22.38793113014915,32.120182863869424,460.726,-0.0410572965448699,7.757619766961966,9.804098636186298,59.00652458554222,55.673458685751456,62.55137301868274,57.372168998629974,14.06740000000002,2019,4,2,58.16809517996652,54.98052597045898,51.55047625587101,70.75782610022503,66.32523781912667,59.00652458554222,4.504125258302629,55.673458685751456,5.281996791514888,62.55137301868274,8.078828670062293,-3.700379061766046,40.55021439815388,0.8660254037844387,-0.4999999999999998,0,0,0,0.049713311415698944,0.02199564469531977,-0.34869748972111214,-0.44792764993380274
2019-05-01,60.865454413674094,70.31181820956144,1283.3727195046165,2.592409068887884,97.74181782115588,2854.705910422585,31.37090908397328,266.3725365712596,2.08,34.75995497270064,32.06776798774209,475.0342,0.0604336993159464,9.446363795887343,-4.705579093297063,60.968167399947255,56.36881227906856,61.791562469842596,54.43144275209757,14.3082,2019,5,2,63.87095260620117,58.16809517996652,54.98052597045898,56.6933328537714,69.98318099975586,60.968167399947255,2.852815832498184,56.36881227906856,5.701105631885914,61.791562469842596,7.737893807373329,-13.028454059716967,44.523483083550005,0.49999999999999994,-0.8660254037844387,0,0,0,0.047426171281476186,0.021321094474649725,-0.2376532532366955,-0.4538833843417436
2019-06-01,54.70650024414063,63.03800010681152,1359.669989013672,2.3303499937057497,96.80450057983398,2890.165979003906,28.657000160217287,266.1139900769219,2.0,34.81293418190696,32.24717697479153,476.47525,0.1670742900941778,8.331499862670896,-10.118965230545928,59.81430242133863,57.357000778385405,60.74019943006899,48.971076288449986,1.4410500000000184,2019,6,2,60.865454413674094,63.87095260620117,58.16809517996652,48.777369248239616,67.32285672142392,59.81430242133863,4.67177558936246,57.357000778385405,4.511922031233675,60.74019943006899,7.775038883642724,-18.740078914786203,46.28938440700159,1.2246467991473532e-16,-1.0,0,0,0,0.04023513108752464,0.01892849775458429,-0.3851569081503099,-0.22641656206496208
2019-07-01,57.546363830566406,64.25636395541105,1413.295448996804,2.303090897473422,97.36590922962536,2996.1136363636365,31.118636564774945,267.2912880658964,1.92,28.87329795143821,31.94692938961837,449.1135,0.0900287629411356,6.71000012484464,5.191089859070153,57.70610616279371,58.35631537416797,59.653904317338025,51.286316331275884,-27.36175000000003,2019,7,3,54.70650024414063,60.865454413674094,63.87095260620117,51.55047625587101,70.58190518333798,57.70610616279371,3.082582898339184,58.35631537416797,3.524643398886338,59.653904317338025,7.161414886250559,-18.468673123673103,45.78397949893402,-0.4999999999999997,-0.8660254037844388,0,1,0,0.04071785830132491,0.01920700307623111,-0.40127572110554244,-0.44089858128887727
2019-08-01,54.84409054842863,59.50181805003773,1502.0363658558238,2.174272721463984,98.00454503839666,2897.450450550426,28.327727144414727,267.7226354100942,1.84,33.36564497514205,32.33782709843471,433.5898,-0.0193549215791283,4.657727501609095,-4.695819339852769,55.69898487437856,58.33357613716291,58.5704770439433,48.799252675744114,-15.523699999999963,2019,8,3,57.546363830566406,54.70650024414063,60.865454413674094,54.98052597045898,67.84521782916525,55.69898487437856,1.6013555285393883,58.33357613716291,3.551118757166917,58.5704770439433,6.782969385057109,-19.162923632250028,47.69714472198362,-0.8660254037844385,-0.5000000000000004,0,1,0,0.036513157600425124,0.01892839635543057,-1.0493506941761959,-0.026498722927911444
2019-09-01,56.9670000076294,62.46849994659424,1507.4199951171877,2.5195500016212464,98.59999961853028,2982.156005859375,29.4770001411438,268.81167411956807,1.7599999999999998,27.43999481201172,32.02549990620449,418.8435,-0.0935177150129485,5.501499938964841,3.8708080268487377,56.45248479554149,58.13339360844005,57.47733227159774,50.48282467731632,-14.74630000000002,2019,9,3,54.84409054842863,57.546363830566406,54.70650024414063,58.16809517996652,70.0847372757761,56.45248479554149,1.4227138329411597,58.13339360844005,3.5958845987960855,57.47733227159774,5.734653627209865,-18.71696717151094,45.744806755400624,-1.0,-1.8369701987210297e-16,0,1,0,0.03779106034932411,0.019102622362984684,-0.9023159007841182,-0.29269851422685633
2019-10-01,54.00565255206564,59.632173289423406,1493.330423106318,2.3392608580381973,98.1730436242145,2977.675197435462,30.041739007701043,268.74984308351816,1.68,30.83487770774148,32.17745797928054,433.10575,0.0246150908964527,5.626520737357765,-5.198355987092807,55.27224770270789,56.4891769327508,56.081317809251125,47.86955851152678,14.262249999999995,2019,10,4,56.9670000076294,54.84409054842863,57.546363830566406,63.87095260620117,70.75782610022503,55.27224770270789,1.526395623590025,56.4891769327508,2.551466337434059,56.081317809251125,3.977705387630307,-23.67536493338666,47.028474644356876,-0.8660254037844386,0.5000000000000001,0,0,0,0.03616456995456193,0.018136851392790226,-0.6584119607731347,-0.08367573314585286
2019-11-01,57.07000007629394,62.65149974822998,1470.0000061035155,2.63144999742508,98.06499977111817,3104.9044921875,31.394500160217284,269.3954318948618,1.6,19.58108381791548,32.20240196179547,449.0422,-0.1780058387052694,5.581499671936044,5.674123687838106,56.014217545329664,55.85660120985411,56.11270674446134,50.464511009084774,15.93644999999998,2019,11,4,54.00565255206564,56.9670000076294,54.84409054842863,60.865454413674094,56.6933328537714,56.014217545329664,1.740230517104365,55.85660120985411,1.5056255190547956,56.11270674446134,3.984454436089623,0.6643942127975951,38.765444717995365,-0.5000000000000004,0.8660254037844384,0,0,1,0.038823129142141595,0.018380597606048286,-0.8832253189201125,-0.015127368475042147
2019-12-01,59.80476197742281,65.17380886986142,1480.8523763020833,2.2882381053197958,97.37666684105282,3176.74951171875,31.90523819696336,268.9235709184292,1.52,20.1272236217152,31.69048099064242,441.5015,-0.0952075147616146,5.369046892438611,4.791943047963754,56.960138201927464,56.706311498734465,57.03165613855993,52.97553120457288,-7.540699999999958,2019,12,4,57.07000007629394,54.00565255206564,56.9670000076294,54.70650024414063,48.777369248239616,56.960138201927464,2.9011152606190627,56.706311498734465,2.06241299371411,57.03165613855993,3.3618870306963737,22.607600408013337,41.29883260888849,-2.4492935982947064e-16,1.0,0,0,1,0.0403853638175337,0.018825771990086105,-0.6532050337786024,-0.4269024245145445
2020-01-01,57.52857190086728,63.5999999273391,1559.933337983631,2.029952355793544,97.43619028727214,3278.202857607887,30.91857129051572,270.695985872097,1.4500000000000002,49.28224736993963,31.926033874207757,430.86800000000005,0.2327810485960087,6.071428026471821,-3.806034839524697,58.13444465152801,56.70334617711794,57.52983077564296,50.62560203952654,-10.63349999999997,2020,1,1,59.80476197742281,57.07000007629394,54.00565255206564,57.546363830566406,51.55047625587101,58.13444465152801,1.4645961922871547,56.70334617711794,2.0609758986028717,57.52983077564296,2.884922958146554,11.596586645143612,57.40991534726129,0.49999999999999994,0.8660254037844387,1,0,1,0.0368788655897693,0.01754881390795643,-1.8527877098907197,-0.13447730256501345
2020-02-01,50.54210502222965,55.362105319374486,1595.6157804790296,1.8434210451025712,98.84315852115029,3277.3141832853617,28.895263069554375,270.78676987157075,1.3,20.88889035311612,32.07225028002702,443.20125,0.0186156285680514,4.820000297144837,-12.144342624525162,55.95847963350658,55.98634858941812,57.15996236329051,44.462543955960356,12.333249999999964,2020,2,1,57.52857190086728,59.80476197742281,57.07000007629394,54.84409054842863,54.98052597045898,55.95847963350658,4.826810102274304,55.98634858941812,3.2452320750412156,57.15996236329051,3.4672272092285072,-8.072714601919397,41.225754910478486,0.8660254037844386,0.5000000000000001,1,0,1,0.03167561115918479,0.015421806453542157,-1.2020282181443809,0.004629840527535123
2020-03-01,30.445454597473145,33.72909112410112,1594.6500077681108,1.7311818112026562,98.8350004716353,2652.393632368608,16.07499998266047,271.0361233058873,1.15,23.42728701504794,31.828260636248256,457.51825,0.0640539690281717,3.283636526627973,-39.762195135951515,46.17204384019002,51.566091021058746,54.8497423147494,26.758619846304573,14.317000000000007,2020,3,1,50.54210502222965,57.52857190086728,59.80476197742281,56.9670000076294,58.16809517996652,46.17204384019002,14.06047249449429,51.566091021058746,10.833292971061768,54.8497423147494,8.425294723985731,-47.65952967296278,41.05647748778991,1.0,6.123233995736766e-17,1,0,0,0.019092248737322622,0.011478482765836809,-0.9342288427482148,-0.22526185899024753
2020-04-01,16.699047678992862,26.63142867315383,1694.9809395926338,1.7593333437329246,99.91285705566406,2761.975225539434,11.67333344050816,271.7109411990361,1.0,17.881546020507812,23.46754210547911,508.56475,-0.5920125476961374,9.932380994160969,-45.15093336665495,32.56220243289855,45.34832354221328,50.918750237482044,14.640401980660055,51.04649999999998,2020,4,2,30.445454597473145,50.54210502222965,57.52857190086728,54.00565255206564,63.87095260620117,32.56220243289855,17.020534616559186,45.34832354221328,17.68952593718827,50.918750237482044,13.380794868956162,-73.85502016550232,25.43692225960542,0.8660254037844387,-0.4999999999999998,0,0,0,0.00985205632041369,0.006046052667134607,-1.455807122786835,-7.86492699322687
2020-05-01,28.527499961853028,32.256000232696536,1718.6900146484377,1.8091500103473663,99.5530002593994,2919.6084838867187,15.404499959945678,273.1277662148621,0.8500000000000001,17.503280639648438,24.656507932039823,531.3916,-0.144672666881008,3.728500270843508,70.83309485809883,25.224000746106345,40.59124018980646,48.22392069983028,24.880911361133737,22.826850000000036,2020,5,2,16.699047678992862,30.445454597473145,50.54210502222965,57.07000007629394,60.865454413674094,25.224000746106345,7.44484762056571,40.59124018980646,17.744632948775198,48.22392069983028,14.412079134181768,-53.130227586957744,27.45810608250794,0.49999999999999994,-0.8660254037844387,0,0,0,0.016598397453029025,0.009771001872065458,-1.6860083027160528,-6.058356162024303
2020-06-01,38.31363608620384,40.77272727272727,1735.922735040838,1.7008636322888462,97.08772798018022,3104.6609330610795,18.7490910616788,273.4326678643432,0.7000000000000002,18.73993613503196,24.957973377208784,537.8985,-0.1858562119058747,2.4590911865234304,34.30421921807672,27.84672790901658,37.0093858746033,46.85784868666889,33.37885181058852,6.506899999999973,2020,6,2,28.527499961853028,16.699047678992862,30.445454597473145,59.80476197742281,54.70650024414063,27.84672790901658,10.823363430294213,37.0093858746033,15.055962084113348,46.85784868666889,14.518277963569508,-29.965112161771952,29.01255590626093,1.2246467991473532e-16,-1.0,0,0,0,0.022071049196254577,0.012340682899727999,-2.0502040705585705,-5.149457083723448
2020-07-01,40.76590919494629,43.24136369878595,1847.5409046519887,1.76495454528115,95.51409114490856,3207.6190962357955,19.629090916026723,273.9880323215812,0.55,16.578764481977984,26.205646055445683,530.4028000000001,-0.0340757878725749,2.4754545038396643,6.400523049352325,35.86901508100106,34.2156087569498,45.45947746703388,35.443284659597126,-7.4956999999999425,2020,7,3,38.31363608620384,28.527499961853028,16.699047678992862,57.52857190086728,57.546363830566406,35.86901508100106,6.475090272226102,34.2156087569498,11.658930484125902,45.45947746703388,14.199828460157178,-29.159886947899544,31.944845106687765,-0.4999999999999997,-0.8660254037844388,0,1,0,0.02206495623024081,0.012709086700056998,-1.9554105968593365,-3.423344127638824
2020-08-01,42.38809512910389,45.01999991280692,1966.2380836123511,2.343476204645066,93.0442857288179,3391.7100190662204,20.083809625534784,274.55869294138125,0.4000000000000001,16.12093145197088,26.75258229094237,508.175,-0.0254716507507894,2.6319047837030283,3.9792708324010606,40.48921347008467,32.85660710809551,44.42147784875681,36.7770698889402,-22.22780000000006,2020,8,3,40.76590919494629,38.31363608620384,28.527499961853028,50.54210502222965,54.84409054842863,40.48921347008467,2.0512738764453697,32.85660710809551,9.683047459159914,44.42147784875681,13.903627778927238,-22.71164549319275,36.62776907222685,-0.8660254037844385,-0.5000000000000004,0,1,0,0.021557966699034415,0.012497558721322785,-2.1534103684642374,-2.4109708248511055
2020-09-01,39.62571407499768,41.86714299519857,1920.2761869884675,2.2802381004605974,93.43714287167504,3365.516671316964,19.562380836123516,274.7331615682496,0.2500000000000002,22.898809259588067,27.679545943179985,495.82775,0.0558671315778165,2.241428920200889,-6.5168794344087955,40.92657279968262,34.3866503543496,42.97637068770417,34.35851942537796,-12.347250000000031,2020,9,3,42.38809512910389,40.76590919494629,38.31363608620384,30.445454597473145,56.9670000076294,40.92657279968262,1.3881811363934333,34.3866503543496,9.947542401710617,42.97637068770417,13.372185267175626,-30.440932347340144,41.21841292878846,-1.0,-1.8369701987210297e-16,0,1,0,0.020635424395349912,0.01177403588952479,-1.952838648312455,-1.1218443423614488
2020-10-01,39.55454531582919,41.52409102699973,1900.245450106534,2.83622728694569,93.40636340054598,3418.6999955610795,19.582727258855645,274.83613983729686,0.1,20.94689455899325,28.33754011886307,489.3998,0.0552254318770996,1.9695457111705394,-0.17960246478787578,40.522784839976914,38.19589996048898,41.77211175135113,34.28396001613844,-6.427949999999953,2020,10,4,39.62571407499768,42.38809512910389,40.76590919494629,16.699047678992862,54.00565255206564,40.522784839976914,1.6157979775067175,38.19589996048898,4.930751539664415,41.77211175135113,12.93209426342426,-26.758508699259703,41.19811975169411,-0.8660254037844386,0.5000000000000001,0,0,0,0.020815492710903993,0.011570054514017622,-2.1646698818303167,-0.1438570116435791
2020-11-01,41.34650039672852,43.78900012969971,1866.0799987792968,2.8719499707221985,92.6195011138916,3548.99248046875,19.95749988555908,276.26793461230585,0.1,18.212484879927203,29.05108545526023,488.736,0.0267128496336169,2.4424997329711857,4.530339222941904,40.1755865958518,40.33240003296823,40.46182011138735,35.65140903108839,-0.6638000000000375,2020,11,4,39.55454531582919,39.62571407499768,42.38809512910389,28.527499961853028,57.07000007629394,40.1755865958518,1.014665262480834,40.33240003296823,1.4575378517555855,40.46182011138735,12.004480489537874,-27.551252249072157,40.604099904452305,-0.5000000000000004,0.8660254037844384,0,0,1,0.022156874530327705,0.011650207946101646,-2.4510836130755886,0.8322980336315204
2020-12-01,47.06818147139116,50.218181956898086,1859.2954434481533,2.584272709759799,90.51272721724077,3695.3100142045455,22.767272515730426,276.5809348426852,0.1,15.485132390802557,29.639244057908563,499.0825,-0.1005797403342169,3.150000485506922,13.838368470757834,42.65640906131629,41.79149093049946,39.40043840255138,40.5390532943878,10.346499999999992,2020,12,4,41.34650039672852,39.55454531582919,39.62571407499768,38.31363608620384,59.80476197742281,42.65640906131629,3.9243569666527165,41.79149093049946,2.797990320798059,39.40043840255138,10.622272085595156,-21.29693369708568,38.947513103073284,-2.4492935982947064e-16,1.0,0,0,1,0.025315063099303786,0.01273727543571083,-2.7474127046969277,1.5913930473410076
2021-01-01,52.1021055924265,55.35157916420385,1865.1842169510687,2.648736840800235,90.22631554854544,3793.7484323601975,26.28368417840255,278.6322677248413,0.1,21.553955078125,30.42657308086134,481.309,0.0075078297134372,3.249473571777351,10.69496199698099,46.83892915351539,43.68085699674615,38.94823287684798,44.54431538831669,-17.773499999999956,2021,1,1,47.06818147139116,41.34650039672852,39.55454531582919,40.76590919494629,57.52857190086728,46.83892915351539,5.381466180361233,43.68085699674615,4.959485481239682,38.94823287684798,9.869183230847337,-9.432645603981998,44.75766112542095,0.49999999999999994,0.8660254037844387,1,0,1,0.027934026633206283,0.01373367436487479,-2.831806257553493,2.5036771364059796
2021-02-01,59.06105262354801,62.22789423089279,1805.531584087171,2.916999992571379,90.65157880281149,3883.4321160567433,29.55368413423237,281.1588146225463,0.1,19.980364712801844,30.357646878987765,469.6045,0.0191752607677836,3.1668416073447787,13.356364300434453,52.743779895788556,46.45968324582018,39.65814517695784,50.04006933215017,-11.704500000000053,2021,2,1,52.1021055924265,47.06818147139116,41.34650039672852,42.38809512910389,50.54210502222965,52.743779895788556,6.022129943114547,46.45968324582018,7.893420215979188,39.65814517695784,11.01844938454691,16.855149973614118,45.20791160385947,0.8660254037844386,0.5000000000000001,1,0,1,0.03271117112752176,0.015208467885713119,-3.730336598754358,2.5776345512856835
2021-03-01,62.35739135742188,65.70217381352964,1719.5173923658288,2.622043454128763,92.00913039497708,3910.5082795516314,32.19260870892069,282.3621566418417,0.1,22.099439447576348,30.242064587691623,500.937,0.0792112650656257,3.344782456107758,5.581239391184845,57.84018319113213,50.24829612622421,42.3174732402869,52.60776746157658,31.33250000000004,2021,3,1,59.06105262354801,52.1021055924265,47.06818147139116,39.62571407499768,30.445454597473145,57.84018319113213,5.235514603043908,50.24829612622421,9.289164405464032,42.3174732402869,12.361914737337111,104.81675239166015,41.830440804637995,1.0,6.123233995736766e-17,1,0,0,0.03626447259789778,0.015946109022025177,-4.078791076926669,2.5942352640359267
2021-04-01,61.70380982898531,65.32857150123233,1759.757144019717,2.685095242091588,91.58761887323288,4141.176199776785,32.21428580511184,284.46416743206424,0.1,26.439191644841976,30.408762119174824,492.3954,0.0664632376467153,3.6247616722470255,-1.0481219855563828,61.040751269985066,53.93984021175023,46.067870086119605,51.67171011283414,-8.541600000000017,2021,4,2,62.35739135742188,59.06105262354801,52.1021055924265,39.55454531582919,16.699047678992862,61.040751269985066,1.7453358563920824,53.93984021175023,8.56213032072896,46.067870086119605,10.581832182742955,269.5049622896025,44.80064572046991,0.8660254037844387,-0.4999999999999998,0,0,0,0.03506382118596662,0.014900068688736843,-4.593674158555905,2.18249779437782
2021-05-01,65.15699977874756,68.25849990844726,1850.6450073242188,2.959499990940094,90.31799964904783,4167.849536132812,34.06149959564209,286.6755344239588,0.1,28.639606129039414,30.801790443299467,483.58025,0.1031828565318887,3.1015001296997013,5.596396655786595,63.072733655051586,57.908256775420064,49.12032840419415,54.14257055979114,-8.815150000000017,2021,5,2,61.70380982898531,62.35739135742188,59.06105262354801,41.34650039672852,28.527499961853028,63.072733655051586,1.834370780232066,57.908256775420064,6.917989000623603,49.12032840419415,10.342529858896398,128.4006655538533,48.20493451901068,0.49999999999999994,-0.8660254037844387,0,0,0,0.035207724615216,0.015633241846596965,-4.860231029180329,2.063419242564162
2021-06-01,71.3527287569913,73.40818162397905,1834.122736150568,3.2724090814590454,91.03909128362484,4238.48954634233,35.34136356006969,288.41542519227534,0.1,20.0577822598544,30.676457895728955,463.02625,-0.0258648500727688,2.05545286698775,9.508923061654873,66.07117945490806,61.95568132302009,51.87358612675977,58.93326822559842,-20.553999999999974,2021,6,2,65.15699977874756,61.70380982898531,62.35739135742188,47.06818147139116,38.31363608620384,66.07117945490806,4.888987878900641,61.95568132302009,6.3913939092954,51.87358612675977,11.533260408893048,86.23324760002178,45.1959961443331,1.2246467991473532e-16,-1.0,0,0,0,0.038902919281376125,0.01683447085964808,-5.379505226992654,1.4615463184502993
2021-07-01,72.43047659737724,74.15714336576916,1805.5047607421875,3.815047650110154,92.52285802932012,4363.712797619048,36.152857280912855,290.6179725457944,0.1,12.918531244451351,31.22863230684371,439.5132,-0.1622448790588952,1.7266667683919223,1.5104507692431213,69.64673504437204,65.34374315717855,54.512300076962354,59.370034004122985,-23.51305000000002,2021,7,3,71.3527287569913,65.15699977874756,61.70380982898531,52.1021055924265,40.76590919494629,69.64673504437204,3.925388792006286,65.34374315717855,5.440665105068629,54.512300076962354,12.353978290119699,77.67413514809176,42.34427849042329,-0.4999999999999997,-0.8660254037844388,0,1,0,0.04011646946153835,0.01659836014797563,-5.969586355032653,1.5951385419485504
2021-08-01,67.71136318553577,70.51363615556197,1785.231805974787,4.031454519792036,92.7999995838512,4453.965931285511,35.7863637750799,292.9610063836116,0.1,27.03934062610973,31.59495774350377,433.07,-0.02241343891782,2.802272970026195,-6.515369818804073,70.49818951330144,66.7854615841765,56.62257241499835,55.05796581496752,-6.44319999999999,2021,8,3,72.43047659737724,71.3527287569913,65.15699977874756,59.06105262354801,42.38809512910389,70.49818951330144,2.472890179063838,66.7854615841765,4.50924153374805,56.62257241499835,12.257125959874447,59.74146273689189,49.88228983059287,-0.8660254037844385,-0.5000000000000004,0,1,0,0.0379286112641177,0.015202487901796947,-6.602506209176673,1.5579326908951607
2021-09-01,71.54476202101935,75.0028559366862,1775.8999953497023,5.114857128688267,92.99238041469027,4445.543317522322,37.002381279355006,294.8818405803982,0.1,23.044076399369672,30.9705887568409,418.4545,0.0391059379838494,3.4580939156668506,5.661381864340398,70.56220060131079,68.31669002810942,59.28249307716681,57.79606065918126,-14.615499999999997,2021,9,3,67.71136318553577,72.43047659737724,71.3527287569913,62.35739135742188,39.62571407499768,70.56220060131079,2.5083018271493227,68.31669002810942,4.257733375362985,59.28249307716681,11.683262771309504,80.55135078603259,50.40683802700114,-1.0,-1.8369701987210297e-16,0,1,0,0.040286481337891,0.016093592371231952,-7.233908617778273,0.6593101364272158
2021-10-01,81.22285752069382,83.74619038899739,1776.404750279018,5.570619015466599,93.95142800467356,4460.707077752976,42.32047598702567,297.7115199298766,0.1,22.286016290838067,31.63200112764929,427.864,0.1409727732711697,2.5233328683035694,13.527329221992668,73.49299424241632,71.56986464339417,62.754852427572196,64.99067504128352,9.40949999999998,2021,10,4,71.54476202101935,67.71136318553577,72.43047659737724,61.70380982898531,39.55454531582919,73.49299424241632,6.9632482638219395,71.56986464339417,5.4768891139382445,62.754852427572196,11.477191746949414,105.34392917971311,49.176665919039365,-0.8660254037844386,0.5000000000000001,0,0,0,0.045723170638605315,0.018208516296799006,-8.223279502514481,1.046184089836757
2021-11-01,78.653809320359,80.78428540910993,1819.499988374256,5.120238099779401,95.27095140729632,4667.386648995535,40.95952370053246,299.4098250712673,0.1,25.713247819380324,31.814935637910708,433.8095,-0.0187971868585305,2.1304760887509246,-3.1629621005149655,77.14047628735739,73.81933290032941,65.86379483787475,62.578065988551764,5.945500000000038,2021,11,4,81.22285752069382,71.54476202101935,67.71136318553577,65.15699977874756,41.34650039672852,77.14047628735739,5.013383665428501,73.81933290032941,5.073033877517487,65.86379483787475,10.124040933405247,90.23087459799225,47.077987267823474,-0.5000000000000004,0.8660254037844384,0,0,1,0.04322825491755282,0.01685178778516614,-8.276611093660591,0.9987977515439646
2021-12-01,71.69000070745295,74.74318140203303,1791.0454434481535,3.863818190314553,96.19000001387164,4674.772771661932,39.308181589299984,301.36132967493825,0.1,34.24791856245561,31.66922297848437,424.5146,0.1772016868538278,3.053180694580078,-8.853746147935793,77.18888918283527,73.87554489207302,67.91561310754655,56.668208702500756,-9.294900000000041,2021,12,4,78.653809320359,81.22285752069382,71.54476202101935,71.3527287569913,47.06818147139116,77.18888918283527,4.932376000715098,73.87554489207302,5.042010005380655,67.91561310754655,8.299005129341378,52.310963513700536,52.69313436293008,-2.4492935982947064e-16,1.0,0,0,1,0.0400269021477388,0.015335504891676913,-8.859545547254621,0.6839201820696417
2022-01-01,82.97900009155273,85.52699966430664,1816.6399963378904,4.2554499983787535,95.966499710083,4573.815454101563,44.2560001373291,307.1251897872415,0.1,49.3977217240767,32.79795236697145,414.611,0.4456988042458331,2.547999572753909,15.746965089548626,77.77427003978823,75.63363214110227,70.4886876491404,64.36076281360542,-9.903599999999983,2022,1,1,71.69000070745295,78.653809320359,81.22285752069382,72.43047659737724,52.1021055924265,77.77427003978823,5.695662277830529,75.63363214110227,6.153840654635078,70.4886876491404,7.716560726157081,59.262277691162005,62.778131670970424,0.49999999999999994,0.8660254037844387,1,0,1,0.045677184394470466,0.018142183681014067,-10.12599510640234,1.6150346300475498
2022-02-01,91.62894680625514,94.03368457994964,1857.7420911287008,4.4630000214827685,95.9968426353053,4435.980494449013,49.52105251111482,305.0179632483131,0.48,84.61773265491831,32.70273360603384,412.8355,0.9702528468085474,2.4047377736944924,10.424259999709218,82.09931586842028,79.61989607788884,73.20267883103267,71.56088476007426,-1.7754999999999654,2022,2,1,82.97900009155273,71.69000070745295,78.653809320359,67.71136318553577,59.06105262354801,82.09931586842028,9.998538699832892,79.61989607788884,7.577528869014881,73.20267883103267,8.959145358856556,55.142759459932336,82.28852531588292,0.8660254037844386,0.5000000000000001,1,0,1,0.04932274896678004,0.020655849799319212,-8.006004131792036,1.3243919751894317
2022-03-01,108.26217385996942,112.46304420802905,1950.6739024286685,4.979304334391719,98.46695676057234,4391.265264096467,57.79739180855129,304.21059597075947,0.86,100.0,32.35482569283278,412.7045,0.7875438788362368,4.200870348059624,18.15280829199577,94.29004025259242,85.73946471771386,77.02807737291164,84.77559172952222,-0.13100000000002865,2022,3,1,91.62894680625514,82.97900009155273,71.69000070745295,71.54476202101935,62.35739135742188,94.29004025259242,12.849933178759837,85.73946471771386,12.787277140095515,77.02807737291164,12.858930340148117,73.61562359052064,84.40517098308536,1.0,6.123233995736766e-17,1,0,0,0.0554998832581005,0.024653981790826424,-6.877736383927362,0.8004206365599451
2022-04-01,101.64049949645997,105.91699981689452,1933.9300048828125,6.70460000038147,100.70849990844728,4391.29599609375,57.65250034332276,303.50547257728255,1.2400000000000002,73.24686223810369,32.8144493943759,415.6016,0.3863362681573833,4.27650032043455,-6.1163323508303,100.51054005422817,89.1424050470082,80.3561348452012,79.77534439333124,2.897100000000023,2022,4,2,108.26217385996942,91.62894680625514,82.97900009155273,81.22285752069382,61.70380982898531,100.51054005422817,8.373987509598981,89.1424050470082,14.003823995197456,80.3561348452012,13.674460378198582,64.72321527335325,67.34027434132622,0.8660254037844387,-0.4999999999999998,0,0,0,0.0525564520118676,0.02314590034163996,-5.453744705039428,1.05957039850297
2022-05-01,109.259522937593,111.4971429734003,1845.9380987258185,8.163476194654192,103.16761888776507,4040.3600027901775,67.7528562999907,302.6702320933501,1.62,51.02658358487216,32.775095692234686,419.892,-0.5402217497121571,2.2376200358072964,7.496050766061413,106.38739876467412,94.2433573165472,84.0313451084383,85.99199280872176,4.290399999999977,2022,5,2,101.64049949645997,108.26217385996942,91.62894680625514,78.653809320359,65.15699977874756,106.38739876467412,4.141070609466637,94.2433573165472,14.960647980700932,84.0313451084383,15.07317190389248,67.68654681554335,46.47887843123138,0.49999999999999994,-0.8660254037844387,0,0,0,0.05918915862477667,0.02704202666640362,-3.9593731060903794,0.8557745922838222
2022-06-01,114.33904811314174,117.66381000337148,1834.547619047619,7.597904772985549,103.8442862374442,3898.9466843377977,74.15761893136161,300.81557874441825,2.0,45.77605507590554,32.64940654766993,417.3415,-0.7368975512893398,3.3247618902297376,4.649045720664602,108.41302351573158,101.351531884162,87.6135383881175,90.54462447233458,-2.5504999999999995,2022,6,2,109.259522937593,101.64049949645997,108.26217385996942,71.69000070745295,71.3527287569913,108.41302351573158,6.391455639834058,101.351531884162,11.925862318218343,87.6135383881175,16.795643017828425,60.24481488654847,42.09588955719933,1.2246467991473532e-16,-1.0,0,0,0,0.06232547300782309,0.029325624936640544,-2.299407198445171,0.5656730600573212
2022-07-01,99.3844997406006,104.70499954223632,1729.8,7.186950016021728,107.033500289917,3911.7294921875,63.18050022125245,299.8527138737085,2.3800000000000003,39.62580247358842,32.50234585309536,425.2204,-0.5236224268049785,5.3204998016357195,-13.079126177212174,107.6610235971118,104.08578182566998,89.85970698338612,78.95490141005396,7.878899999999987,2022,7,3,114.33904811314174,109.259522937593,101.64049949645997,82.97900009155273,72.43047659737724,107.6610235971118,7.604342796245281,104.08578182566998,8.155899885273838,89.85970698338612,16.37769201667977,37.21364874216414,37.99075996341116,-0.4999999999999997,-0.8660254037844388,0,1,0,0.057454329830053226,0.025406792555271805,-0.7976222396083794,0.31246956996178454
2022-08-01,91.4826086293096,97.74086894159733,1762.4782608695652,8.77947819751242,107.1495653235394,4158.563083814538,58.887391463569976,298.26128304106044,2.76,46.756009188565336,32.70195232655768,424.2455,-0.0621853755764169,6.258260312287732,-7.9508284812172985,101.73538549435064,104.06139212951238,91.8406441037006,73.06511660327303,-0.974899999999991,2022,8,3,99.3844997406006,114.33904811314174,109.259522937593,91.62894680625514,67.71136318553577,101.73538549435064,11.60815249468704,104.06139212951238,8.200697305301714,91.8406441037006,14.818637184285162,35.10672998657298,45.464808795708734,-0.8660254037844385,-0.5000000000000004,0,1,0,0.051905666390265254,0.021998610285641037,0.9507910807390925,0.419826494836272
2022-09-01,83.8019049508231,90.32476116362072,1678.6142868768602,7.757523854573567,110.74333336239768,3850.520496186756,52.92999994187128,296.6893916657188,3.14,46.35721380060369,32.596530373615,429.472,0.0066371507605906,6.52285621279762,-8.39580745845251,91.55633777357775,99.98468064465469,92.86207268118426,67.28531598449764,5.226499999999987,2022,9,3,91.4826086293096,99.3844997406006,114.33904811314174,108.26217385996942,71.54476202101935,91.55633777357775,7.791559027924756,99.98468064465469,11.219090657248662,92.86207268118426,13.670441868170668,17.13213180610299,42.1564613616923,-1.0,-1.8369701987210297e-16,0,1,0,0.04992326444822605,0.021763786229315255,2.5270252973994896,0.17890940716242199
2022-10-01,87.03095245361328,93.59380958193825,1665.8380940755208,6.084904738834926,111.94142804827008,3726.050955636161,59.11238079979306,296.4089963565134,3.52,51.437461159446016,30.65320840230131,438.3035,0.159144807934934,6.562857128324964,3.8531910517846324,87.43848867791534,97.54975613751355,93.34608059226088,69.94405050575189,8.831500000000005,2022,10,4,83.8019049508231,91.4826086293096,99.3844997406006,101.64049949645997,81.22285752069382,87.43848867791534,3.856535567029979,97.54975613751355,12.319287071274442,93.34608059226088,13.319194144479644,7.150813342709203,43.619234806501225,-0.8660254037844386,0.5000000000000001,0,0,0,0.05224454451042545,0.02335742411727717,3.9575119826300345,-1.682846503705612
2022-11-01,84.38571457635788,91.1142857869466,1726.047630673363,6.42976188659668,108.14000047956196,3917.488595145089,59.71666626703171,294.52507922070896,3.9,39.41649350253019,30.49517416889437,431.71475,-0.0959294295375989,6.728571210588711,-3.039421955844146,85.07285732693143,93.40412141064103,93.82373936359413,68.25195162468457,-6.5887500000000045,2022,11,4,87.03095245361328,83.8019049508231,91.4826086293096,109.259522937593,78.653809320359,85.07285732693143,1.7207006751807892,93.40412141064103,11.763331141322416,93.82373936359413,12.838499234127323,7.287511317668905,40.44079897514223,-0.5000000000000004,0.8660254037844384,0,0,1,0.04888956311301129,0.02154076840982281,5.531458102417183,-1.730900614694523
2022-12-01,76.51809510730561,81.3414284842355,1797.1142868768602,5.768047582535517,104.5028566632952,3912.380952380952,54.0438092549642,292.5815772403721,4.279999999999999,36.90724459561434,30.77332161178677,419.1718,-0.1256403593861439,4.823333376929881,-9.32340208120549,82.64492071242559,87.10062924300168,94.22608056358183,62.299648528114105,-12.542949999999962,2022,12,4,84.38571457635788,87.03095245361328,83.8019049508231,114.33904811314174,71.69000070745295,82.64492071242559,5.468346628870686,87.10062924300168,7.750386376625884,94.22608056358183,12.138361741205328,6.73468315275205,43.85744875430614,-2.4492935982947064e-16,1.0,0,0,1,0.04257831328015196,0.01955793570167126,7.193363982046524,-1.3780947245773163
2023-01-01,78.16400032043457,83.87900009155274,1899.834991455078,3.42279999256134,102.71199913024904,3960.656530761719,59.96049976348877,297.5206489328425,4.5,33.75774730335582,29.96731097876352,447.2145,-0.2275898970428019,5.714999771118173,2.151001290375576,79.68927000136603,83.56387933964068,93.82483058265531,62.583246540576,28.042699999999968,2023,1,1,76.51809510730561,84.38571457635788,87.03095245361328,99.3844997406006,82.97900009155273,79.68927000136603,4.1496620015524766,83.56387933964068,5.554470411466361,93.82483058265531,12.614204357824738,-5.802672683215827,39.9660125650666,0.49999999999999994,0.8660254037844387,1,0,1,0.04114252062499258,0.01973511202325959,7.6272396969628025,-1.9482185752499106
2023-02-01,76.86052583393298,83.50947329872533,1853.2368485300165,2.437473673569529,103.66000004818564,4079.6847245065783,58.58263156288549,298.2395871942588,4.6,41.3610805164684,30.32083712280037,471.43825,0.0251271328858902,6.648947464792343,-1.667614862542821,77.18087375389105,81.12686554041123,92.59412883496181,61.39125126777042,24.223749999999995,2023,2,1,78.16400032043457,76.51809510730561,84.38571457635788,91.4826086293096,91.62894680625514,77.18087375389105,0.8684573017810187,81.12686554041123,4.491217315447791,92.59412883496181,13.534769622035633,-16.117636933609262,41.895300684624964,0.8660254037844386,0.5000000000000001,1,0,1,0.041473665869790934,0.018839819991982483,6.822287494765051,-1.39620105761027
2023-03-01,73.37260934580927,79.2069562829059,1912.9608685037365,2.4077826427376787,103.7673913706904,3968.559145720109,58.58173901101817,298.35474120839336,4.7,34.26362471147017,29.78597756079098,476.6798,-0.030871763340409,5.83434693709664,-4.537981558517834,76.13237850005895,79.38864960624227,89.68666512544847,58.582708094445735,5.241550000000018,2023,3,1,76.86052583393298,78.16400032043457,76.51809510730561,83.8019049508231,108.26217385996942,76.13237850005895,2.477298079117759,79.38864960624227,5.209595960424617,89.68666512544847,13.61025318660338,-32.22692032702733,37.79688247325035,1.0,6.123233995736766e-17,1,0,0,0.03835552025840219,0.01848847570402297,6.6249345157356,-1.7169899419495103
2023-04-01,79.43842155054996,83.36894788240132,2001.04736328125,2.197263152975785,101.764209948088,4121.467362253289,61.7152637682463,299.0448507564557,4.8,34.91347919810902,30.02529310638666,464.266,0.0154402831587836,3.930526331851354,8.267134369110662,76.55718557676407,78.12322778906504,87.83649196328929,63.279450732002026,-12.41379999999998,2023,4,2,73.37260934580927,76.86052583393298,78.16400032043457,87.03095245361328,101.64049949645997,76.55718557676407,3.044261964665521,78.12322778906504,3.6793852893530548,87.83649196328929,13.343992728357732,-21.843731638374404,41.75123626617175,0.8660254037844387,-0.4999999999999998,0,0,0,0.03969842144060625,0.01927430562180326,6.269700622841674,-1.2452447056880622
2023-05-01,71.62090925736861,75.63227358731356,1993.4227294921875,2.2993181943893437,102.70136295665394,4146.173195578836,58.017272602428086,298.7189946439229,4.9,35.66712812943892,29.82724777849552,461.25825,-0.0834433326653649,4.0113643299449535,-9.840971334263916,74.81064671790928,75.99576023590016,84.69994082327061,57.114373162845794,-3.007750000000044,2023,5,2,79.43842155054996,73.37260934580927,76.86052583393298,84.38571457635788,109.259522937593,74.81064671790928,4.102357642402368,75.99576023590016,2.9527640246232583,84.69994082327061,12.227491346805541,-34.44881752021091,40.56586453704198,0.49999999999999994,-0.8660254037844387,0,0,0,0.03592861072435666,0.017273979131785175,6.205459549853772,-1.1976360407676054
2023-06-01,70.27428545270648,74.92571367536273,1941.652378627232,2.4746190366290866,103.11190432593936,4345.372837611607,60.93761898222424,298.3003029178222,5.0,36.60406632856889,29.73965208218604,459.0988,0.0340253741480642,4.65142822265625,-1.8802104282466758,73.777872086875,74.95512529346698,81.02787726823433,56.11916072776723,-2.1594499999999925,2023,6,2,71.62090925736861,79.43842155054996,73.37260934580927,76.51809510730561,114.33904811314174,73.777872086875,4.948203117380416,74.95512529346698,3.7298522866704444,81.02787726823433,8.594084825682723,-38.53868244279236,41.99397458157909,1.2246467991473532e-16,-1.0,0,0,0,0.0361930313715729,0.016172210781151372,5.836152115889288,-1.0427521982867596
2023-07-01,76.03449974060058,80.35549964904786,1950.7649963378904,2.636550009250641,101.32749938964844,4508.07548828125,67.21549987792969,298.23903585903497,5.1,35.203992670232594,29.796505381014804,453.03475,0.0042181875649588,4.320999908447277,8.19675966932547,72.64323148355855,74.60020853016131,79.082043934901,60.73158695060386,-6.064050000000009,2023,7,3,70.27428545270648,71.62090925736861,79.43842155054996,78.16400032043457,99.3844997406006,72.64323148355855,3.0131170258116304,74.60020853016131,3.454601719651053,79.082043934901,6.43127483550989,-23.494609381689195,43.43998404731086,-0.4999999999999997,-0.8660254037844388,0,1,0,0.03897676033912234,0.01686628805087309,5.6381568816993255,-0.7604121934512804
2023-08-01,81.3208697775136,85.10434756071672,1917.5565185546875,2.645130426987358,103.09652179220448,4457.358674422554,71.4530433986498,298.47701207069014,5.2,32.3369008844549,29.71615592259687,435.439,-0.042450595912643,3.783477783203125,6.95259396056791,75.87655165694022,75.34359918742474,78.23523236391799,64.90221966021352,-17.595749999999953,2023,8,3,76.03449974060058,70.27428545270648,71.62090925736861,76.86052583393298,91.4826086293096,75.87655165694022,5.524985702164028,75.34359918742474,4.391214876982773,78.23523236391799,5.201464081310692,-11.107836783460874,42.25692909996842,-0.8660254037844385,-0.5000000000000004,0,1,0,0.04240859082390081,0.018244183543938426,5.127671125320017,-0.5919452848724838
2023-09-01,89.43050003051758,92.76649932861328,1912.4099975585937,2.6956499934196474,105.33149948120118,4409.094995117188,72.38150024414062,297.7620999921999,5.3,31.197641546075992,29.84052099842937,417.207,-0.0581668319622927,3.3359992980957003,9.972385041123122,82.26195651621059,78.0199143015428,78.70428195389253,71.54588559556491,-18.232000000000028,2023,9,3,81.3208697775136,76.03449974060058,70.27428545270648,73.37260934580927,83.8019049508231,82.26195651621059,6.747402398640281,78.0199143015428,7.0426392687147255,78.70428195389253,5.949129796591068,6.716547891121888,41.728123882662935,-1.0,-1.8369701987210297e-16,0,1,0,0.046763246450404486,0.02028318739545275,4.938440619511681,-0.23791276110784665
2023-10-01,85.46681837602095,88.70409115878019,1915.5681762695312,3.1491818102923306,106.35318235917524,4269.400945490057,64.2059085152366,298.7045867060051,5.4,76.31227666681463,29.547934363561943,421.75,0.5672180014406257,3.2372727827592342,-4.432136299298383,85.40606272801737,79.02464710578796,78.5739374474265,68.1591348205453,4.543000000000006,2023,10,4,89.43050003051758,81.3208697775136,76.03449974060058,79.43842155054996,87.03095245361328,85.40606272801737,4.05515648855645,79.02464710578796,7.6861060203154805,78.5739374474265,5.7643747565137895,-1.7972158565379344,64.58542642790259,-0.8660254037844386,0.5000000000000001,0,0,0,0.04461695461135554,0.020018456796872842,4.62553283547082,-0.4383932260803256
2023-11-01,77.37666720435733,82.02772730047053,1985.3714250837052,3.0499999956651167,104.52809506370907,4460.063313802083,62.56571433657692,299.14129328508614,5.5,57.589152943004265,29.85497123379167,443.2085,0.3799018129309111,4.6510600961131985,-9.46583870253609,84.09132853696529,79.98394009695275,77.98985016642646,61.61721658909862,21.458500000000015,2023,11,4,85.46681837602095,89.43050003051758,81.3208697775136,71.62090925736861,84.38571457635788,84.09132853696529,6.143508824219475,79.98394009695275,6.895798346060659,77.98985016642646,5.469510422544265,-8.30596435331278,54.39883747549925,-0.5000000000000004,0.8660254037844384,0,0,1,0.038973396225195155,0.017348782239197034,3.932658408380247,-0.0780061112587056
2023-12-01,72.12350006103516,77.32399978637696,2031.6749938964845,2.5388499975204466,102.6830005645752,4685.051489257812,60.88199996948242,299.0420609290665,5.5,51.03612032803622,29.57442976124734,439.4238,0.223366826910571,5.2004997253418,-6.789084271939738,78.32232854713781,80.2921425316742,77.62363391257058,57.453030379743375,-3.7846999999999866,2023,12,4,77.37666720435733,85.46681837602095,89.43050003051758,70.27428545270648,76.51809510730561,78.32232854713781,6.7217365646966645,80.2921425316742,6.398427399772204,77.62363391257058,5.718467812554509,-5.743210204210738,52.308922811807534,-2.4492935982947064e-16,1.0,0,0,1,0.03549952638948261,0.015394387922149975,3.291903458300533,-0.25863992959141413
2024-01-01,73.86095210484096,79.19714319138299,2028.0428466796875,2.714999993642172,102.97476196289062,4804.491513206845,62.46714292253767,297.510693681618,5.5,59.26075328480114,30.467319860689663,426.226,-0.223619778103242,5.33619108654203,2.408995739717934,74.45370645674448,79.92988459238093,77.26504656127112,59.13992160383415,-13.19780000000003,2024,1,1,72.12350006103516,77.37666720435733,85.46681837602095,76.03449974060058,78.16400032043457,74.45370645674448,2.676277181122074,79.92988459238093,6.740098949319698,77.26504656127112,5.815593264700823,-5.50515352074253,52.38385532973038,0.49999999999999994,0.8660254037844387,1,0,1,0.03641981836103805,0.015373313055430373,5.503346070687926,0.5925827630237244
2024-02-01,76.61000022888183,81.62399940490722,2025.214990234375,1.7955000042915343,104.10450096130371,5011.96142578125,65.63550033569337,298.3013155313262,5.47,52.999170476740055,30.348214720459502,439.25225,-0.0590438594149539,5.0139991760253935,3.721923486903833,74.19815079825266,79.14473966760897,77.24416942751687,61.17848504810678,13.026250000000005,2024,2,1,73.86095210484096,72.12350006103516,77.37666720435733,81.3208697775136,76.86052583393298,74.19815079825266,2.2621777468073434,79.14473966760897,6.819571046883789,77.24416942751687,5.817626770482135,-0.32594833607103424,49.009760775777636,0.8660254037844386,0.5000000000000001,1,0,1,0.037828082745742266,0.015285432931437064,5.449302433440109,0.4711961563219731
2024-03-01,80.40499992370606,84.66549949645996,2161.8699951171875,1.747299998998642,103.62400093078614,5170.572485351562,68.99350013732911,297.6797489203111,5.44,46.915075128728695,30.366959114452012,448.038,-0.0438325668910554,4.260499572753901,4.953660988756292,76.95865075247627,77.64048964980705,77.83020197567492,64.34313074867194,8.785750000000007,2024,3,1,76.61000022888183,73.86095210484096,72.12350006103516,89.43050003051758,73.37260934580927,76.95865075247627,3.285925798705673,77.64048964980705,4.790564210843041,77.83020197567492,5.745933390718368,9.584490234976837,46.1505996835882,1.0,6.123233995736766e-17,1,0,0,0.03719233816322783,0.015550502415610868,5.666238163787307,0.4415254208427335
2024-04-01,84.39409117265181,88.99999930641867,2332.590897993608,1.7912272702563892,105.41181876442649,5112.492742365057,72.08818123557351,299.1023181887082,5.41,60.88515541770242,30.678783668976465,457.9415,0.0168234002275026,4.60590813376686,4.961247749183362,80.46969710841323,77.46170178257886,78.24317444418341,67.21414601106441,9.903500000000008,2024,4,2,80.40499992370606,76.61000022888183,73.86095210484096,85.46681837602095,79.43842155054996,80.46969710841323,3.8924487471900315,77.46170178257886,4.44781854128185,78.24317444418341,6.0424631635280095,6.238378766058881,49.59649475961147,0.8660254037844387,-0.4999999999999998,0,0,0,0.03618040833687643,0.016507425130044436,5.390783005590257,0.6988924284846973
2024-05-01,78.6213642467152,82.99181851473722,2349.6318026455965,2.4179999990896746,104.96500084616922,5235.225497159091,66.83227261629972,299.1902282257814,5.38,45.69175720214844,31.081480394676458,457.2008,-0.0979609227482246,4.370454268022016,-6.8402027271398325,81.14015178102436,77.6691512896385,78.82654569329563,62.59816375321278,-0.7407000000000039,2024,5,2,84.39409117265181,80.40499992370606,76.61000022888183,77.37666720435733,71.62090925736861,81.14015178102436,2.9557452918589315,77.6691512896385,4.47202019772297,78.82654569329563,5.671537702817411,9.774317391295003,42.85880919723875,0.49999999999999994,-0.8660254037844387,0,0,0,0.033461142361903645,0.015017760799268172,5.222248537820555,0.99706976950295
2024-06-01,78.69842127749794,82.88947416606702,2326.0789345189146,2.809578958310579,105.16684281198602,5415.140496504934,65.4342111286364,300.0308971500134,5.35,37.76945287531072,30.625668275661106,456.498,-0.1185777931451838,4.191052888569075,0.09801029468394784,80.57129223228833,78.7649714923823,79.52855701202824,62.483948119028284,-0.7028000000000247,2024,6,2,78.6213642467152,84.39409117265181,80.40499992370606,72.12350006103516,70.27428545270648,80.57129223228833,3.310865181539477,78.7649714923823,3.5523243349210536,79.52855701202824,4.998101103081692,11.987508333273311,39.38278601246446,1.2246467991473532e-16,-1.0,0,0,0,0.03383308283707759,0.01453303406036215,4.769848315518488,0.4674229676980062
2024-07-01,80.48136381669478,83.71772731434216,2393.3363702947445,2.208681805567308,104.61045455932616,5538.004572088068,67.36318172108044,300.7176363089468,5.32,28.36130662397905,30.971484136998274,438.714,-0.4025899650012765,3.2363634976473747,2.2655378726213815,79.26704978030264,79.86837344435794,79.89912901836944,63.75362029828795,-17.783999999999992,2024,7,3,78.69842127749794,78.6213642467152,84.39409117265181,73.86095210484096,76.03449974060058,79.26704978030264,1.052332352791439,79.86837344435794,2.633881628099413,79.89912901836944,4.8789220330583865,5.84848205915095,35.32545924044247,-0.4999999999999997,-0.8660254037844388,0,1,0,0.033627268116285323,0.014532556405276583,4.488921518682973,0.7153239327032175
2024-08-01,75.4336367520419,78.87500138716264,2467.249988902699,2.0856363664973867,102.21272693980823,5478.214577414773,63.71454568342729,300.7029568967631,5.29,50.443212335759945,30.655535392591496,425.90420000000006,0.0580574647117825,3.4413646351207348,-6.271920386624696,78.20447394874488,79.67231286488463,79.4085262662468,59.75796105076334,-12.809799999999939,2024,8,3,80.48136381669478,78.69842127749794,78.6213642467152,76.61000022888183,81.3208697775136,78.20447394874488,2.5598584145403773,79.67231286488463,2.9497768447155264,79.4085262662468,5.017004393433338,-7.239510646625662,52.39679743787779,-0.8660254037844385,-0.5000000000000004,0,1,0,0.030573973894426898,0.013769748462007514,4.544232407839238,0.32109356579688964
2024-09-01,69.37249946594238,72.6384994506836,2572.869982910156,2.409250020980835,101.0185001373291,5621.26044921875,58.56700038909912,302.1977155367655,5.26,45.61762723055753,30.49941724266786,416.65725,0.1000998166246071,3.265999984741214,-8.035059089121077,75.09583334489302,77.83356278859067,77.73702621919887,54.68454320851972,-9.246950000000083,2024,9,3,75.4336367520419,80.48136381669478,78.69842127749794,80.40499992370606,89.43050003051758,75.09583334489302,5.562130899867863,77.83356278859067,5.074824762226524,77.73702621919887,4.706171874525699,-22.428590422429185,53.02568026839416,-1.0,-1.8369701987210297e-16,0,1,0,0.026963080111497117,0.01234109326413802,3.770349186588297,0.11006739552004419
2024-10-01,71.5617383873981,75.37695710555367,2688.904349949049,2.5769565209098486,103.31130450704823,5792.319548233696,62.21695642885955,301.77251901364514,5.23,45.767822265625,30.33484712930111,423.706,0.2264325464055764,3.8152187181555774,3.1557734524622294,72.12262486846079,75.69483732438172,76.57826955348028,56.48974538823734,7.048750000000041,2024,10,4,69.37249946594238,75.4336367520419,80.48136381669478,84.39409117265181,85.46681837602095,72.12262486846079,3.069249343685742,75.69483732438172,4.418588028099556,76.57826955348028,4.326456451900385,-16.26956549083866,51.473947745867335,-0.8660254037844386,0.5000000000000001,0,0,0,0.02661371661974066,0.012354590901169553,4.202920924491992,-0.12007878165830377
2024-11-01,69.5439998626709,73.40699996948243,2649.8150146484377,2.982000005245209,105.84349975585936,5929.915991210937,61.74500007629395,302.70450870250266,5.2,44.95529174804688,31.023707455278903,427.904,-0.0702445995086779,3.8630001068115263,-2.819577291155506,70.1594125720038,74.18194326037433,75.92554727500642,54.72795237409964,4.197999999999979,2024,11,4,71.5617383873981,69.37249946594238,75.4336367520419,78.6213642467152,77.37666720435733,70.1594125720038,1.2174733532650095,74.18194326037433,4.7571998438180465,75.92554727500642,4.763797516233672,-10.122776832710814,45.41928306867036,-0.5000000000000004,0.8660254037844384,0,0,1,0.026244850858630656,0.01172765347192586,4.0088520383507475,0.47138685919555456
2024-12-01,69.69761912027995,73.12857164655414,2643.5809500558034,3.406619049253918,107.18999989827472,6010.908551897322,61.46380978538876,303.3635913537109,5.17,51.07565446333452,30.559034252112863,418.8365,0.0627341034523293,3.430952526274183,0.22089505624123262,70.26778579011632,72.68180956750467,75.72339052994349,54.72968003722804,-9.067499999999995,2024,12,4,69.5439998626709,71.5617383873981,69.37249946594238,78.69842127749794,72.12350006103516,70.26778579011632,1.1232251386459178,72.68180956750467,4.45786797708247,75.72339052994349,4.986094777393788,-3.3635097280391038,49.027453209659754,-2.4492935982947064e-16,1.0,0,0,1,0.02636485147865249,0.011595188733683896,3.7248753873558114,-0.07533671820927879
2025-01-01,75.0980951218378,78.26333436511811,2722.9476260230654,3.7213809490203857,108.60904729933966,5979.51552734375,64.78400001525878,304.455860579099,5.0,37.833251953125,30.84244956265777,415.5802,-0.1009295380736833,3.165239243280311,7.748436847230078,71.44657136826288,71.78459811836184,75.82648578135989,58.758811960545835,-3.25630000000001,2025,1,1,69.69761912027995,69.5439998626709,71.5617383873981,80.48136381669478,73.86095210484096,71.44657136826288,3.1632450128417573,71.78459811836184,2.8120595154678942,75.82648578135989,4.9567889744582,1.6749621846747826,41.19051634106481,0.49999999999999994,0.8660254037844387,1,0,1,0.027579706052313864,0.012559227378588755,2.6655740297814656,0.17681778383828473
2025-02-01,71.20894743266858,74.94052605879934,2897.1157997532896,3.740947372034976,107.35315744500411,6038.689967105263,64.19473768535413,304.69297695045253,4.97,48.62754128196023,30.6870632096316,431.07225,0.0486439389183875,3.731578626130755,-5.17875677520121,72.00155389159545,71.08048323179962,75.37639804834212,55.672477155843836,15.492050000000006,2025,2,1,75.0980951218378,69.69761912027995,69.5439998626709,75.4336367520419,76.61000022888183,72.00155389159545,2.78611808972623,71.08048323179962,2.1716177248146287,75.37639804834212,5.121648742114348,-7.0500623679375245,46.35335491576005,0.8660254037844386,0.5000000000000001,1,0,1,0.024579254801788297,0.011792118459541605,2.827313700497217,-0.0068059432855598345
2025-03-01,67.93952469598679,71.46714237758091,2986.4095284598216,4.137476239885602,104.18714287167504,5683.983351934524,60.992857433500745,304.73513016869555,4.94,66.3186922940341,30.906113515791883,436.4025,0.2080663140068711,3.5276176815941227,-4.591308893834145,71.41552241683105,70.84165410347369,74.33760844603218,53.10903430978375,5.330249999999978,2025,3,1,71.20894743266858,75.0980951218378,69.69761912027995,69.37249946594238,80.40499992370606,71.41552241683105,3.583753277435301,70.84165410347369,2.457063026366526,74.33760844603218,5.27097874814422,-15.503358298050356,57.261959040243184,1.0,6.123233995736766e-17,1,0,0,0.022749567347783575,0.011952801493119131,2.5698753025778958,0.16731482942973486
2025-04-01,62.96238072713216,66.45666703723725,3211.152367001488,3.425761881328764,100.71761866978235,5369.495721726191,58.50190462384905,305.8455073284281,4.91,50.538420243696734,30.92585957887857,442.17925,0.1361961559617104,3.494286310105096,-7.325844552381211,67.37028428526251,69.40842782676269,72.55163257557221,49.039660984956676,5.77675000000005,2025,4,2,67.93952469598679,71.20894743266858,75.0980951218378,71.5617383873981,84.39409117265181,67.37028428526251,4.152648744008658,69.40842782676269,3.985609006897849,72.55163257557221,5.183907176014814,-25.39479973980059,52.69102178807034,0.8660254037844387,-0.4999999999999998,0,0,0,0.019607409904914958,0.011725939266932443,2.6555242806023474,0.16647123335791036
2025-05-01,60.93523824782599,63.97047624133882,3280.7380952380954,3.460809560049148,100.08318120783024,5810.919480096726,59.3495238167899,305.9154266625117,4.88,62.46494640003552,30.82267680963707,439.9572,0.152837398849906,3.0352379935128297,-3.219609004448931,63.94571455698165,67.97363422428855,71.07778874233144,47.4499281172067,-2.2220500000000243,2025,5,2,62.96238072713216,67.93952469598679,71.20894743266858,69.5439998626709,78.6213642467152,63.94571455698165,3.604194254985061,67.97363422428855,5.269727916179387,71.07778874233144,5.781115153399761,-22.495318121661995,58.45485127229091,0.49999999999999994,-0.8660254037844387,0,0,0,0.01857363693130096,0.010486333265575869,2.6321998373372058,0.08485542953635772
2025-06-01,67.32600002288818,69.35,3350.939990234375,3.643649995326996,98.36100006103516,6029.951513671875,61.74550018310547,306.78822632938363,4.85,87.5389237837358,30.474656490743783,421.8535,0.3111744443976547,2.0239999771118136,10.487793202794604,63.74120633261544,67.57836437472325,70.13008697111395,52.27722760000847,-18.103700000000003,2025,6,2,60.93523824782599,62.96238072713216,67.93952469598679,69.69761912027995,78.69842127749794,63.74120633261544,3.2657902579952305,67.57836437472325,5.203076746813681,70.13008697111395,5.3330737442596625,-14.450634548956895,73.7003779916738,1.2246467991473532e-16,-1.0,0,0,0,0.02009167583391378,0.011165263911347619,2.597788896557663,-0.2505805739471505
2025-07-01,67.21086883544922,69.55304353133492,3341.808699898098,3.306130429972773,98.00272820212624,6296.498180042614,62.84136373346502,306.5188802869825,4.82,47.56396206942471,30.67370410556667,423.46675,-0.0404484449197276,2.342174695885703,-0.17100553634528115,65.15736903538779,66.26382666032515,69.0242123893435,52.23368943879626,1.6132499999999936,2025,7,3,67.32600002288818,60.93523824782599,62.96238072713216,75.0980951218378,80.48136381669478,65.15736903538779,3.656925633375445,66.26382666032515,3.7035303215446085,69.0242123893435,4.259276830223789,-16.488904203301754,54.331259765007864,-0.4999999999999997,-0.8660254037844388,0,1,0,0.02011212336519968,0.010674325142882453,2.890866727591688,-0.02671795650496378
2025-08-01,64.01904787336078,67.2614284697033,3372.7428385416665,2.888523817062378,98.23999968029204,6408.949474516369,62.80238124302456,307.327027542461,4.79,49.54021107066761,30.215307744224614,422.0086,-0.1797701284798018,3.242380596342528,-4.748965483399569,66.18530557723273,65.06551006710718,68.0729966494534,49.62229871034684,-1.4581499999999892,2025,8,3,67.21086883544922,67.32600002288818,60.93523824782599,71.20894743266858,75.4336367520419,66.18530557723273,1.8769171871099772,65.06551006710718,2.8477963626935914,68.0729966494534,3.9619674273180068,-15.131961509693683,53.68256749390032,-0.8660254037844385,-0.5000000000000004,0,1,0,0.01898130125475325,0.009989008046922055,2.5871381744769275,-0.44842868048311146
2025-09-01,63.53380911690848,67.54857054210845,3682.2999906994046,3.0097618897755942,97.68571472167967,6584.0180896577385,64.88666643415179,307.9325782432828,4.76,43.57705549760298,31.091849196001004,417.82675,-0.4943730955314081,4.014761425199971,-0.7579599706202589,64.92124194190616,64.3312241372608,67.58643912036725,49.149338727986596,-4.181849999999997,2025,9,3,64.01904787336078,67.21086883544922,67.32600002288818,67.93952469598679,69.37249946594238,64.92124194190616,1.9976630462662675,64.3312241372608,2.506025274016884,67.58643912036725,4.142284196196375,-8.41643359253668,49.13127291320055,-1.0,-1.8369701987210297e-16,0,1,0,0.017253838437174297,0.009649701481928143,2.8622812510905282,0.3787434418488509
2025-10-01,60.06956531690515,63.95391298376995,4044.373906674593,3.3532608695652173,98.7652176566746,6735.691724694293,62.97608665798021,309.4304353560794,4.73,56.1272430419922,30.392395490916723,420.8008,0.0964734606614799,3.884347666864805,-5.452598936148756,62.54080743572481,63.8490882355563,66.6287580311595,46.244478294173206,2.974049999999977,2025,10,4,63.53380911690848,64.01904787336078,67.21086883544922,62.96238072713216,71.5617383873981,62.54080743572481,2.153866841302519,63.8490882355563,3.0428304856973085,66.6287580311595,4.4562341691555645,-16.059102712514175,58.74576852168476,-0.8660254037844386,0.5000000000000001,0,0,0,0.014852624090374385,0.008918098952864755,2.1923546347213936,-0.32550596003672894
2025-11-01,59.47947391710783,63.67947367617958,4082.1157612047696,4.46726309625726,99.74736906352796,6740.885767886513,67.19421065481086,309.90848283315734,4.7,33.608731356534086,30.67515357792972,426.542,-0.1804085062955442,4.199999759071751,-0.9823467119900231,61.027616116973824,63.60646084710327,65.7900475356959,45.71956378731532,5.741199999999992,2025,11,4,60.06956531690515,63.53380911690848,64.01904787336078,60.93523824782599,69.5439998626709,61.027616116973824,2.190389116052304,63.60646084710327,3.362852541122585,65.7900475356959,4.792139942738366,-14.472170087193101,45.42495529032214,-0.5000000000000004,0.8660254037844384,0,0,1,0.014570746494314932,0.0088236881568857,2.3201298878786263,-0.013701716577969592
2025-12-01,57.86636352539063,61.62863592668013,4311.059104225852,4.394227277148854,98.54272738370028,6853.025457208807,63.51000040227717,309.7955646091059,4.67,46.58464605158025,30.635846751243854,424.4545,0.0334656018639351,3.7622724012895006,-2.7120454931482296,59.13846758646787,62.02985476418701,64.80410956945514,44.49584091831588,-2.0874999999999773,2025,12,4,59.47947391710783,60.06956531690515,63.53380911690848,67.32600002288818,69.69761912027995,59.13846758646787,1.140499242299763,62.02985476418701,3.4854988510993503,64.80410956945514,5.120914567339524,-16.97512159557653,54.07884178694683,-2.4492935982947064e-16,1.0,0,0,1,0.0134227720210409,0.00844391486455601,2.54978075197048,-0.05940958485808423
2026-01-01,60.25949974060059,64.76549911499023,4730.8599609375,4.267950010299683,98.20899925231932,6929.12197265625,64.95800037384033,311.4993479136017,4.5,63.013576160777696,30.62834337234779,422.321,0.0811237845368176,4.505999374389646,4.135625723499792,59.201779061033015,60.87129324837891,63.56755995435204,46.082581890720896,-2.1334999999999695,2026,1,1,57.86636352539063,59.47947391710783,60.06956531690515,67.21086883544922,75.0980951218378,59.201779061033015,1.2204962355353273,60.87129324837891,2.4075370232885205,63.56755995435204,4.098781488580251,-19.75895041966556,61.672843218779086,0.49999999999999994,0.8660254037844387,1,0,1,0.012737536143118424,0.008696556357112788,2.186532517027125,-0.04907078122831621
2026-02-01,64.52315722013775,69.40684268349095,5011.036826685855,3.1292631375162223,97.45526323820415,6893.806280838816,69.92105182848479,311.1715857431755,4.47,40.847913568670094,30.97100051529634,430.93175,0.0905697966522503,4.883685463353203,7.075494316897668,60.883006828709654,60.955311472841736,63.01041076997446,49.39512631078067,8.610749999999996,2026,2,1,60.25949974060059,57.86636352539063,59.47947391710783,64.01904787336078,71.20894743266858,60.883006828709654,3.371912868135612,60.955311472841736,2.5442707996362732,63.01041076997446,3.352034491837922,-9.388974916182496,52.58956405119171,0.8660254037844386,0.5000000000000001,1,0,1,0.012876208946698683,0.009359583746846043,2.3437255917203172,0.2699249195815092
2026-03-01,90.99727249145508,99.59954591230913,4856.390891335227,3.0393636551770298,99.48227275501598,6654.419122869318,93.5572721307928,312.33480907226937,4.44,100.0,30.697694947904097,452.54575,1.0,8.602273420854047,41.03040894448782,71.92664315073114,65.5325553685995,64.93188975293016,69.40270705444564,21.613999999999976,2026,3,1,64.52315722013775,60.25949974060059,57.86636352539063,63.53380911690848,67.93952469598679,71.92664315073114,16.652668595878666,65.5325553685995,12.669099187908571,64.93188975293016,8.729577594266761,33.938635718525,81.0339874359527,1.0,6.123233995736766e-17,1,0,0,0.018737633466372125,0.013674713120877369,1.9461362635260446,0.01398756617991026
2026-04-01,98.06000046502976,102.46428607759022,4721.633347284226,2.679380950473604,98.72523898170108,6957.007626488095,104.95904795328777,311.73854228311853,4.41,100.0,30.75846761940829,463.43625,0.7287968654634764,4.404285612560457,7.761472163067196,84.5268100588742,71.8642945599536,67.85669139775494,74.93242956244204,10.890499999999975,2026,4,2,90.99727249145508,64.52315722013775,60.25949974060059,60.06956531690515,62.96238072713216,84.5268100588742,17.67993571189369,71.8642945599536,17.833537328515224,67.85669139775494,12.89538307911775,55.7437938854385,77.75129433947629,0.8660254037844387,-0.4999999999999998,0,0,0,0.020768237017222847,0.01409514057330272,2.483198783867599,0.08870956763996318
2026-05-01,98.5134994506836,104.09199981689451,4589.68994140625,2.936900019645691,98.71650009155272,7412.551538085938,116.7590000152588,312.95358747383415,4.38,78.9009024880149,30.94870034127815,446.0938,0.7919786691466124,5.578500366210918,0.4624709193383758,95.8569241357228,78.36996548221623,70.98821316465975,74.98669896176104,-17.342449999999985,2026,5,2,98.06000046502976,90.99727249145508,64.52315722013775,59.47947391710783,60.93523824782599,95.8569241357228,4.214685742759575,78.36996548221623,19.45779577597495,70.98821316465975,15.384337299809562,61.669179088174474,71.94561569251341,0.49999999999999994,-0.8660254037844387,0,0,0,0.02146408596400416,0.013290093019169585,2.079311575062553,0.2684403285397359
2026-06-01,81.79047611781529,84.61857096354167,4234.3666759672615,3.2009047667185464,100.29476202101937,7450.032900855655,103.77523803710938,313.9684715169312,4.35,68.1553164395419,30.621786220890087,416.3,-0.520819780432421,2.8280948457263833,-16.975362184996733,92.7879920111762,82.35731758095368,72.19358617257033,62.05619183876648,-29.793799999999976,2026,6,2,98.5134994506836,98.06000046502976,90.99727249145508,57.86636352539063,67.32600002288818,92.7879920111762,9.526826974446433,82.35731758095368,16.666957860066816,72.19358617257033,15.635909039632836,21.48423505036651,56.52433778620573,1.2246467991473532e-16,-1.0,0,0,0,0.019315869969843514,0.010978538914682064,2.009543433769702,-0.07073460269385734
2026-07-01,79.22045482288708,84.51227326826616,4069.300037730824,2.93999999219721,100.95954617587005,7481.339089133523,115.10636416348544,314.2020376917895,4.32,62.51465537331321,30.87873906422253,408.8384,-0.5473858325204797,5.291818445379079,-3.1422011668280514,86.50814346379532,85.51747676133476,73.19438500485684,60.06158068283119,-7.461600000000033,2026,7,3,81.79047611781529,98.5134994506836,98.06000046502976,60.25949974060059,67.21086883544922,86.50814346379532,10.476052770153009,85.51747676133476,13.042577505475325,73.19438500485684,15.67229285826387,17.868517689959706,54.26183950232837,-0.4999999999999997,-0.8660254037844388,0,1,0,0.019467833309943974,0.01058907421237558,1.8134146315510788,0.16913199408392998
2026-08-01,82.45238095238095,88.07571374802362,4412.614269438244,2.770857129778181,99.5038096110026,7711.323335193452,119.54142906552268,312.9723324854127,4.29,39.963111877441406,30.75894275464367,426.64875,-0.5976777462369286,5.623332795642668,4.079661164177195,81.15443729769444,88.50568071670862,74.73049609477518,62.757506251700775,17.810350000000028,2026,8,3,79.22045482288708,81.79047611781529,98.5134994506836,64.52315722013775,64.01904787336078,81.15443729769444,1.7072626224899026,88.50568071670862,8.551038790443707,74.73049609477518,15.59439417899323,28.793513323540914,44.00105474651559,-0.8660254037844385,-0.5000000000000004,0,1,0,0.018685608103853328,0.01069237760735208,2.453095192735117,0.004032766970144763
2026-09-01,94.4525022506714,99.18124866485596,4397.049987792969,2.8938750326633453,99.15124893188477,7665.3675537109375,134.3762493133545,314.95617167581935,4.26,39.963111877441406,30.89407248857258,424.069,-0.5976777462369286,4.728746414184556,14.554002152128188,85.37511267531313,89.0815523432447,77.30705385592209,71.43840809009862,-2.57974999999999,2026,9,3,82.45238095238095,79.22045482288708,81.79047611781529,90.99727249145508,63.53380911690848,85.37511267531313,8.025620708315476,89.0815523432447,8.863049249346288,77.30705385592209,16.121595783529173,48.66494479635162,44.61517619922111,-1.0,-1.8369701987210297e-16,0,1,0,0.021480879797290086,0.012321979551368295,1.9791132316673758,0.15564389318475946
